,name,cupping,Body,Brightness,Clean Cup,Complexity,Dry Fragrance,Finish,Flavor,Sweetness,Uniformity,Wet Aroma
0,Brazil Adair Oliveira Neto,"{'Body': '8.8', 'Brightness': '8.3', 'Clean Cup': '8.5', 'Complexity': '8.4', 'Dry Fragrance': '8.3', 'Finish': '8.4', 'Flavor': '8.7', 'Sweetness': '8.4', 'Uniformity': '8.5', 'Wet Aroma': '8.5'}",8.8,8.3,8.5,8.4,8.3,8.4,8.7,8.4,8.5,8.5
1,Brazil Alta Mogiana Bom Jesus,"{'Body': '9', 'Brightness': '7.3', 'Clean Cup': '7.7', 'Complexity': '8', 'Dry Fragrance': '8', 'Finish': '7.7', 'Flavor': '8.5', 'Sweetness': '7.6', 'Uniformity': '8.2', 'Wet Aroma': '8.5'}",9.0,7.3,7.7,8.0,8.0,7.7,8.5,7.6,8.2,8.5
2,Brazil Alta Mogiana Santo Amaro,"{'Body': '8.7', 'Brightness': '8.2', 'Clean Cup': '7.5', 'Complexity': '8.8', 'Dry Fragrance': '7.8', 'Finish': '8', 'Flavor': '8.4', 'Sweetness': '8.2', 'Uniformity': '8.3', 'Wet Aroma': '8.1'}",8.7,8.2,7.5,8.8,7.8,8.0,8.4,8.2,8.3,8.1
3,Brazil Carmo Fazenda Furnas,"{'Body': '9', 'Brightness': '7.5', 'Clean Cup': '7.8', 'Complexity': '8.5', 'Dry Fragrance': '8.2', 'Finish': '7.8', 'Flavor': '8.4', 'Sweetness': '8.2', 'Uniformity': '8.2', 'Wet Aroma': '8.4'}",9.0,7.5,7.8,8.5,8.2,7.8,8.4,8.2,8.2,8.4
4,Brazil Carmo de Minas SWP Decaf,"{'Body': '8.8', 'Brightness': '7.2', 'Clean Cup': '8.2', 'Complexity': '7.5', 'Dry Fragrance': '8.2', 'Finish': '7.8', 'Flavor': '8.6', 'Sweetness': '8.3', 'Uniformity': '9.5', 'Wet Aroma': '8.4'}",8.8,7.2,8.2,7.5,8.2,7.8,8.6,8.3,9.5,8.4
5,Brazil Cerrado Fred Terumi,"{'Body': '9.3', 'Brightness': '8', 'Clean Cup': '8', 'Complexity': '8', 'Dry Fragrance': '8.3', 'Finish': '8.1', 'Flavor': '8.4', 'Sweetness': '8.4', 'Uniformity': '8.2', 'Wet Aroma': '8.5'}",9.3,8.0,8.0,8.0,8.3,8.1,8.4,8.4,8.2,8.5
6,Brazil Dry Process Cafeicultores de Minas,"{'Body': '9', 'Brightness': '7.5', 'Clean Cup': '7.5', 'Complexity': '7.5', 'Dry Fragrance': '7.5', 'Finish': '7.5', 'Flavor': '8.2', 'Sweetness': '8.1', 'Uniformity': '8', 'Wet Aroma': '8.2'}",9.0,7.5,7.5,7.5,7.5,7.5,8.2,8.1,8.0,8.2
7,Brazil Fazenda Alta Vista,"{'Body': '8.7', 'Brightness': '8.1', 'Clean Cup': '8.3', 'Complexity': '8', 'Dry Fragrance': '8.2', 'Finish': '8.3', 'Flavor': '8.5', 'Sweetness': '8.4', 'Uniformity': '8.5', 'Wet Aroma': '8.5'}",8.7,8.1,8.3,8.0,8.2,8.3,8.5,8.4,8.5,8.5
8,Brazil Minas Fazenda Veredas,"{'Body': '9', 'Brightness': '8', 'Clean Cup': '8.3', 'Complexity': '8.2', 'Dry Fragrance': '7.5', 'Finish': '8.3', 'Flavor': '8.5', 'Sweetness': '8.3', 'Uniformity': '8', 'Wet Aroma': '8.4'}",9.0,8.0,8.3,8.2,7.5,8.3,8.5,8.3,8.0,8.4
9,Brazil Mogiana Vera Lucia,"{'Body': '9.2', 'Brightness': '7.8', 'Clean Cup': '8', 'Complexity': '8.2', 'Dry Fragrance': '8', 'Finish': '7.7', 'Flavor': '8.4', 'Sweetness': '8.3', 'Uniformity': '8.5', 'Wet Aroma': '8.3'}",9.2,7.8,8.0,8.2,8.0,7.7,8.4,8.3,8.5,8.3
10,Brazil Patrocínio Fazenda Escalada,"{'Body': '9.3', 'Brightness': '7.8', 'Clean Cup': '7.3', 'Complexity': '9', 'Dry Fragrance': '8.2', 'Finish': '8', 'Flavor': '8.4', 'Sweetness': '8.3', 'Uniformity': '8.2', 'Wet Aroma': '8.5'}",9.3,7.8,7.3,9.0,8.2,8.0,8.4,8.3,8.2,8.5
11,Brazil Patrocínio Fazenda Santo Antonio,"{'Body': '9', 'Brightness': '8.3', 'Clean Cup': '8.3', 'Complexity': '8.4', 'Dry Fragrance': '8.5', 'Finish': '8.4', 'Flavor': '8.6', 'Sweetness': '8.5', 'Uniformity': '8.2', 'Wet Aroma': '8.5'}",9.0,8.3,8.3,8.4,8.5,8.4,8.6,8.5,8.2,8.5
12,Brazil Pulp Natural Fazenda IP,"{'Body': '8.8', 'Brightness': '8', 'Clean Cup': '8.2', 'Complexity': '7.5', 'Dry Fragrance': '8.2', 'Finish': '8.2', 'Flavor': '8.4', 'Sweetness': '8.3', 'Uniformity': '8.3', 'Wet Aroma': '8.4'}",8.8,8.0,8.2,7.5,8.2,8.2,8.4,8.3,8.3,8.4
13,Burundi Dry Process Agahore,"{'Body': '9.2', 'Brightness': '8.3', 'Clean Cup': '7.5', 'Complexity': '9.4', 'Dry Fragrance': '8.7', 'Finish': '8.2', 'Flavor': '8.9', 'Sweetness': '8.7', 'Uniformity': '8', 'Wet Aroma': '8.8'}",9.2,8.3,7.5,9.4,8.7,8.2,8.9,8.7,8.0,8.8
14,Burundi Dry Process Kibingo Station,"{'Body': '9', 'Brightness': '8.4', 'Clean Cup': '8', 'Complexity': '9.4', 'Dry Fragrance': '9', 'Finish': '8.8', 'Flavor': '9.3', 'Sweetness': '9.2', 'Uniformity': '8.2', 'Wet Aroma': '9.2'}",9.0,8.4,8.0,9.4,9.0,8.8,9.3,9.2,8.2,9.2
15,Burundi Gatara Masha,"{'Body': '8.8', 'Brightness': '9', 'Clean Cup': '9', 'Complexity': '9', 'Dry Fragrance': '8.8', 'Finish': '9', 'Flavor': '9', 'Sweetness': '9', 'Uniformity': '8', 'Wet Aroma': '9'}",8.8,9.0,9.0,9.0,8.8,9.0,9.0,9.0,8.0,9.0
16,Burundi Gaterama Agahore Station,"{'Body': '8.7', 'Brightness': '8.7', 'Clean Cup': '8.5', 'Complexity': '9', 'Dry Fragrance': '8.7', 'Finish': '9', 'Flavor': '9', 'Sweetness': '9', 'Uniformity': '8.2', 'Wet Aroma': '9'}",8.7,8.7,8.5,9.0,8.7,9.0,9.0,9.0,8.2,9.0
17,Burundi Kabarore Commune Yandaro,"{'Body': '8.8', 'Brightness': '8.8', 'Clean Cup': '9', 'Complexity': '9', 'Dry Fragrance': '8.8', 'Finish': '9', 'Flavor': '9.1', 'Sweetness': '9', 'Uniformity': '8.3', 'Wet Aroma': '9'}",8.8,8.8,9.0,9.0,8.8,9.0,9.1,9.0,8.3,9.0
18,Burundi Kayanza Gahahe,"{'Body': '8.7', 'Brightness': '8.9', 'Clean Cup': '9', 'Complexity': '9.2', 'Dry Fragrance': '9', 'Finish': '9', 'Flavor': '9.3', 'Sweetness': '9', 'Uniformity': '8.3', 'Wet Aroma': '9.2'}",8.7,8.9,9.0,9.2,9.0,9.0,9.3,9.0,8.3,9.2
19,Burundi Yeast Fermentation Yandaro,"{'Body': '9', 'Brightness': '9', 'Clean Cup': '9', 'Complexity': '9.2', 'Dry Fragrance': '8.8', 'Finish': '9', 'Flavor': '9.2', 'Sweetness': '9', 'Uniformity': '8.3', 'Wet Aroma': '9'}",9.0,9.0,9.0,9.2,8.8,9.0,9.2,9.0,8.3,9.0
20,Cameroon Caplami Java Cultivar,"{'Body': '9', 'Brightness': '8', 'Clean Cup': '7.4', 'Complexity': '8.8', 'Dry Fragrance': '7.8', 'Finish': '7.7', 'Flavor': '8.3', 'Sweetness': '8.3', 'Uniformity': '8', 'Wet Aroma': '8.3'}",9.0,8.0,7.4,8.8,7.8,7.7,8.3,8.3,8.0,8.3
21,Colombia Buesaco Don Nectario,"{'Body': '9.2', 'Brightness': '8.7', 'Clean Cup': '8.3', 'Complexity': '8.8', 'Dry Fragrance': '8.5', 'Finish': '8.5', 'Flavor': '8.8', 'Sweetness': '8.7', 'Uniformity': '8.5', 'Wet Aroma': '8.7'}",9.2,8.7,8.3,8.8,8.5,8.5,8.8,8.7,8.5,8.7
22,Colombia Buesaco EA Decaf,"{'Body': '8', 'Brightness': '8.5', 'Clean Cup': '8', 'Complexity': '8.5', 'Dry Fragrance': '8.3', 'Finish': '7.8', 'Flavor': '8.7', 'Sweetness': '8.3', 'Uniformity': '9.5', 'Wet Aroma': '8.5'}",8.0,8.5,8.0,8.5,8.3,7.8,8.7,8.3,9.5,8.5
23,Colombia Buesaco Productores Aliados,"{'Body': '9', 'Brightness': '8.5', 'Clean Cup': '8.8', 'Complexity': '8.5', 'Dry Fragrance': '8.5', 'Finish': '8.5', 'Flavor': '8.7', 'Sweetness': '8.7', 'Uniformity': '8.5', 'Wet Aroma': '8.7'}",9.0,8.5,8.8,8.5,8.5,8.5,8.7,8.7,8.5,8.7
24,Colombia Caicedo Don Ruben,"{'Body': '8.7', 'Brightness': '9', 'Clean Cup': '9', 'Complexity': '9', 'Dry Fragrance': '8.8', 'Finish': '8.8', 'Flavor': '9.2', 'Sweetness': '8.8', 'Uniformity': '8.2', 'Wet Aroma': '9'}",8.7,9.0,9.0,9.0,8.8,8.8,9.2,8.8,8.2,9.0
25,Colombia Coop de Caldas EA Decaf,"{'Body': '8.2', 'Brightness': '8.6', 'Clean Cup': '8.5', 'Complexity': '8.7', 'Dry Fragrance': '8.5', 'Finish': '8.3', 'Flavor': '8.8', 'Sweetness': '8.5', 'Uniformity': '9', 'Wet Aroma': '8.7'}",8.2,8.6,8.5,8.7,8.5,8.3,8.8,8.5,9.0,8.7
26,Colombia Cresta El Hato,"{'Body': '9', 'Brightness': '8.5', 'Clean Cup': '8.3', 'Complexity': '8.5', 'Dry Fragrance': '8.5', 'Finish': '8.2', 'Flavor': '8.5', 'Sweetness': '8.7', 'Uniformity': '8.5', 'Wet Aroma': '8.8'}",9.0,8.5,8.3,8.5,8.5,8.2,8.5,8.7,8.5,8.8
27,Colombia Honey Process Aponte,"{'Body': '9', 'Brightness': '8.4', 'Clean Cup': '8.2', 'Complexity': '9.1', 'Dry Fragrance': '8.8', 'Finish': '8.7', 'Flavor': '9', 'Sweetness': '8.7', 'Uniformity': '8.5', 'Wet Aroma': '8.9'}",9.0,8.4,8.2,9.1,8.8,8.7,9.0,8.7,8.5,8.9
28,Colombia Honey Process Ciudad Nube,"{'Body': '9', 'Brightness': '8.6', 'Clean Cup': '8.4', 'Complexity': '8.8', 'Dry Fragrance': '8.6', 'Finish': '8.6', 'Flavor': '8.8', 'Sweetness': '8.7', 'Uniformity': '8.2', 'Wet Aroma': '8.7'}",9.0,8.6,8.4,8.8,8.6,8.6,8.8,8.7,8.2,8.7
29,Colombia Honey Process El Páramo,"{'Body': '9', 'Brightness': '8.2', 'Clean Cup': '8.2', 'Complexity': '8.8', 'Dry Fragrance': '8.4', 'Finish': '8.2', 'Flavor': '8.6', 'Sweetness': '8.7', 'Uniformity': '8', 'Wet Aroma': '8.7'}",9.0,8.2,8.2,8.8,8.4,8.2,8.6,8.7,8.0,8.7
30,Colombia Honey Process Libardo Gómez,"{'Body': '9', 'Brightness': '8.7', 'Clean Cup': '8.4', 'Complexity': '9.1', 'Dry Fragrance': '8.7', 'Finish': '8.7', 'Flavor': '9', 'Sweetness': '8.7', 'Uniformity': '8.3', 'Wet Aroma': '8.9'}",9.0,8.7,8.4,9.1,8.7,8.7,9.0,8.7,8.3,8.9
31,Colombia Inzá Anibal Pillimue,"{'Body': '8.7', 'Brightness': '8.7', 'Clean Cup': '9', 'Complexity': '9.2', 'Dry Fragrance': '8.9', 'Finish': '8.8', 'Flavor': '9.2', 'Sweetness': '9', 'Uniformity': '9', 'Wet Aroma': '9.2'}",8.7,8.7,9.0,9.2,8.9,8.8,9.2,9.0,9.0,9.2
32,Colombia Inzá Las Estrellas,"{'Body': '9.5', 'Brightness': '8.8', 'Clean Cup': '8.5', 'Complexity': '8.8', 'Dry Fragrance': '8.8', 'Finish': '8.7', 'Flavor': '9', 'Sweetness': '8.8', 'Uniformity': '8.5', 'Wet Aroma': '9'}",9.5,8.8,8.5,8.8,8.8,8.7,9.0,8.8,8.5,9.0
33,Colombia Inzá Rafael Rivas,"{'Body': '9.2', 'Brightness': '8.5', 'Clean Cup': '8.5', 'Complexity': '8.3', 'Dry Fragrance': '8.5', 'Finish': '8.5', 'Flavor': '8.5', 'Sweetness': '8.7', 'Uniformity': '8.3', 'Wet Aroma': '8.7'}",9.2,8.5,8.5,8.3,8.5,8.5,8.5,8.7,8.3,8.7
34,Colombia Inzá Rio Paez,"{'Body': '9', 'Brightness': '8.3', 'Clean Cup': '8.5', 'Complexity': '8.5', 'Dry Fragrance': '8.4', 'Finish': '8.3', 'Flavor': '8.6', 'Sweetness': '8.6', 'Uniformity': '8.5', 'Wet Aroma': '8.7'}",9.0,8.3,8.5,8.5,8.4,8.3,8.6,8.6,8.5,8.7
35,Colombia Inzá Rio Páez,"{'Body': '8.9', 'Brightness': '8.7', 'Clean Cup': '8.4', 'Complexity': '8.7', 'Dry Fragrance': '8.5', 'Finish': '8.5', 'Flavor': '8.7', 'Sweetness': '8.6', 'Uniformity': '8.3', 'Wet Aroma': '8.7'}",8.9,8.7,8.4,8.7,8.5,8.5,8.7,8.6,8.3,8.7
36,Colombia Inzá Vereda Guanacas,"{'Body': '9.3', 'Brightness': '8.3', 'Clean Cup': '8.4', 'Complexity': '8.7', 'Dry Fragrance': '8.7', 'Finish': '8.7', 'Flavor': '8.7', 'Sweetness': '8.8', 'Uniformity': '8.5', 'Wet Aroma': '8.8'}",9.3,8.3,8.4,8.7,8.7,8.7,8.7,8.8,8.5,8.8
37,Colombia Inzá Vereda San Antonio,"{'Body': '9', 'Brightness': '8.5', 'Clean Cup': '8.5', 'Complexity': '8.7', 'Dry Fragrance': '8.6', 'Finish': '8.6', 'Flavor': '8.8', 'Sweetness': '9', 'Uniformity': '8.5', 'Wet Aroma': '8.7'}",9.0,8.5,8.5,8.7,8.6,8.6,8.8,9.0,8.5,8.7
38,Colombia Inzá Veredas Vecinas,"{'Body': '8.7', 'Brightness': '8.5', 'Clean Cup': '8.3', 'Complexity': '8.7', 'Dry Fragrance': '8.5', 'Finish': '8.5', 'Flavor': '8.7', 'Sweetness': '8.6', 'Uniformity': '8.5', 'Wet Aroma': '8.7'}",8.7,8.5,8.3,8.7,8.5,8.5,8.7,8.6,8.5,8.7
39,Colombia Nariño Rio Juanambú,"{'Body': '8.8', 'Brightness': '8.5', 'Clean Cup': '8.5', 'Complexity': '8.7', 'Dry Fragrance': '8.4', 'Finish': '8.5', 'Flavor': '8.7', 'Sweetness': '8.7', 'Uniformity': '8.5', 'Wet Aroma': '8.7'}",8.8,8.5,8.5,8.7,8.4,8.5,8.7,8.7,8.5,8.7
40,Colombia Nariño Vereda Pompeya,"{'Body': '8.7', 'Brightness': '8.6', 'Clean Cup': '8.6', 'Complexity': '8.7', 'Dry Fragrance': '8.6', 'Finish': '8.6', 'Flavor': '8.7', 'Sweetness': '8.7', 'Uniformity': '8.5', 'Wet Aroma': '8.8'}",8.7,8.6,8.6,8.7,8.6,8.6,8.7,8.7,8.5,8.8
41,Colombia Pavón Finca Los Palomos,"{'Body': '9.3', 'Brightness': '8.7', 'Clean Cup': '8.5', 'Complexity': '9.2', 'Dry Fragrance': '9', 'Finish': '8.9', 'Flavor': '9.2', 'Sweetness': '9', 'Uniformity': '8.5', 'Wet Aroma': '9.2'}",9.3,8.7,8.5,9.2,9.0,8.9,9.2,9.0,8.5,9.2
42,Colombia Rio Chiquito Don Luis,"{'Body': '8.6', 'Brightness': '8.6', 'Clean Cup': '8.5', 'Complexity': '8.8', 'Dry Fragrance': '8.6', 'Finish': '8.5', 'Flavor': '8.8', 'Sweetness': '8.8', 'Uniformity': '8.3', 'Wet Aroma': '8.7'}",8.6,8.6,8.5,8.8,8.6,8.5,8.8,8.8,8.3,8.7
43,Colombia Tolima China Alta,"{'Body': '9.3', 'Brightness': '8.6', 'Clean Cup': '8.5', 'Complexity': '8.9', 'Dry Fragrance': '8.6', 'Finish': '8.6', 'Flavor': '9', 'Sweetness': '8.8', 'Uniformity': '8.5', 'Wet Aroma': '8.7'}",9.3,8.6,8.5,8.9,8.6,8.6,9.0,8.8,8.5,8.7
44,Colombia Urrao Heirloom Caturra,"{'Body': '8.5', 'Brightness': '9', 'Clean Cup': '9', 'Complexity': '9.1', 'Dry Fragrance': '9', 'Finish': '9', 'Flavor': '9.3', 'Sweetness': '9', 'Uniformity': '9', 'Wet Aroma': '9.2'}",8.5,9.0,9.0,9.1,9.0,9.0,9.3,9.0,9.0,9.2
45,Colombia Vereda San Antonio,"{'Body': '9', 'Brightness': '8.6', 'Clean Cup': '8.5', 'Complexity': '8.7', 'Dry Fragrance': '8.7', 'Finish': '8.6', 'Flavor': '8.8', 'Sweetness': '8.8', 'Uniformity': '8.5', 'Wet Aroma': '8.8'}",9.0,8.6,8.5,8.7,8.7,8.6,8.8,8.8,8.5,8.8
46,Colombia Veredas Vecinas,"{'Body': '9', 'Brightness': '8.4', 'Clean Cup': '8.5', 'Complexity': '8', 'Dry Fragrance': '8.5', 'Finish': '8.5', 'Flavor': '8.5', 'Sweetness': '8.7', 'Uniformity': '8.3', 'Wet Aroma': '8.7'}",9.0,8.4,8.5,8.0,8.5,8.5,8.5,8.7,8.3,8.7
47,Congo Organic Kirumba Kavisa,"{'Body': '9', 'Brightness': '8.8', 'Clean Cup': '8.3', 'Complexity': '9', 'Dry Fragrance': '8.8', 'Finish': '8.6', 'Flavor': '9', 'Sweetness': '8.7', 'Uniformity': '8.8', 'Wet Aroma': '9'}",9.0,8.8,8.3,9.0,8.8,8.6,9.0,8.7,8.8,9.0
48,Costa Rica Cerro Alto La Rosa,"{'Body': '8', 'Brightness': '8.4', 'Clean Cup': '8.5', 'Complexity': '8', 'Dry Fragrance': '8.2', 'Finish': '8.3', 'Flavor': '8.4', 'Sweetness': '8.4', 'Uniformity': '9', 'Wet Aroma': '8.3'}",8.0,8.4,8.5,8.0,8.2,8.3,8.4,8.4,9.0,8.3
49,Costa Rica Chirripo Corazon de Jesus,"{'Body': '8.9', 'Brightness': '8.4', 'Clean Cup': '8.3', 'Complexity': '7.5', 'Dry Fragrance': '8.3', 'Finish': '8', 'Flavor': '8.6', 'Sweetness': '8.4', 'Uniformity': '8.5', 'Wet Aroma': '8.5'}",8.9,8.4,8.3,7.5,8.3,8.0,8.6,8.4,8.5,8.5
50,Costa Rica Don Senel El Jocote,"{'Body': '8.9', 'Brightness': '8.5', 'Clean Cup': '8.5', 'Complexity': '8.5', 'Dry Fragrance': '8.6', 'Finish': '8.5', 'Flavor': '8.7', 'Sweetness': '8.6', 'Uniformity': '9', 'Wet Aroma': '8.7'}",8.9,8.5,8.5,8.5,8.6,8.5,8.7,8.6,9.0,8.7
51,Costa Rica Helsar Cascara Coffee Fruit Tea,,,,,,,,,,,
52,Costa Rica Helsar SWP Decaf,"{'Body': '8.8', 'Brightness': '8.2', 'Clean Cup': '8', 'Complexity': '8.5', 'Dry Fragrance': '8.3', 'Finish': '8', 'Flavor': '8.7', 'Sweetness': '8.3', 'Uniformity': '9.5', 'Wet Aroma': '8.5'}",8.8,8.2,8.0,8.5,8.3,8.0,8.7,8.3,9.5,8.5
53,Costa Rica Honey Corazon de Jesus,"{'Body': '9.2', 'Brightness': '8.6', 'Clean Cup': '8.5', 'Complexity': '8.8', 'Dry Fragrance': '8.6', 'Finish': '8.5', 'Flavor': '8.8', 'Sweetness': '8.5', 'Uniformity': '8.3', 'Wet Aroma': '8.8'}",9.2,8.6,8.5,8.8,8.6,8.5,8.8,8.5,8.3,8.8
54,Costa Rica Honey Palmichal Vecindario,"{'Body': '10', 'Brightness': '8', 'Clean Cup': '8.2', 'Complexity': '8', 'Dry Fragrance': '8.2', 'Finish': '8.2', 'Flavor': '8.5', 'Sweetness': '8.4', 'Uniformity': '8.2', 'Wet Aroma': '8.5'}",10.0,8.0,8.2,8.0,8.2,8.2,8.5,8.4,8.2,8.5
55,Costa Rica Honey Process Finca Salaca,"{'Body': '8.9', 'Brightness': '8.4', 'Clean Cup': '8.3', 'Complexity': '7.5', 'Dry Fragrance': '8.3', 'Finish': '8', 'Flavor': '8.6', 'Sweetness': '8.4', 'Uniformity': '8.5', 'Wet Aroma': '8.5'}",8.9,8.4,8.3,7.5,8.3,8.0,8.6,8.4,8.5,8.5
56,Costa Rica Honey Process Las Anonas,"{'Body': '9.4', 'Brightness': '8.5', 'Clean Cup': '8.2', 'Complexity': '9', 'Dry Fragrance': '8.5', 'Finish': '8.2', 'Flavor': '8.8', 'Sweetness': '8.7', 'Uniformity': '8.3', 'Wet Aroma': '8.7'}",9.4,8.5,8.2,9.0,8.5,8.2,8.8,8.7,8.3,8.7
57,Costa Rica La Pradera SWP Decaf,"{'Body': '8.3', 'Brightness': '8.1', 'Clean Cup': '8.5', 'Complexity': '7.5', 'Dry Fragrance': '7.6', 'Finish': '7.9', 'Flavor': '8.3', 'Sweetness': '7.8', 'Uniformity': '10', 'Wet Aroma': '8.3'}",8.3,8.1,8.5,7.5,7.6,7.9,8.3,7.8,10.0,8.3
58,Costa Rica Palmichal Rio Jorco,"{'Body': '9', 'Brightness': '8.3', 'Clean Cup': '8.2', 'Complexity': '8.1', 'Dry Fragrance': '8.3', 'Finish': '8.4', 'Flavor': '8.6', 'Sweetness': '8.6', 'Uniformity': '9', 'Wet Aroma': '8.5'}",9.0,8.3,8.2,8.1,8.3,8.4,8.6,8.6,9.0,8.5
59,Costa Rica Red Honey Los Santos,"{'Body': '9', 'Brightness': '8.5', 'Clean Cup': '8.5', 'Complexity': '8.5', 'Dry Fragrance': '8.4', 'Finish': '8.5', 'Flavor': '8.7', 'Sweetness': '8.7', 'Uniformity': '8.5', 'Wet Aroma': '8.6'}",9.0,8.5,8.5,8.5,8.4,8.5,8.7,8.7,8.5,8.6
60,Costa Rica Tarrazu Cafetales de Dota,"{'Body': '8.9', 'Brightness': '8', 'Clean Cup': '8.5', 'Complexity': '7.5', 'Dry Fragrance': '8.2', 'Finish': '8.2', 'Flavor': '8.3', 'Sweetness': '8.2', 'Uniformity': '9', 'Wet Aroma': '8.5'}",8.9,8.0,8.5,7.5,8.2,8.2,8.3,8.2,9.0,8.5
61,Costa Rica Yellow Honey La Guaria,"{'Body': '9.3', 'Brightness': '8.5', 'Clean Cup': '8.5', 'Complexity': '8.3', 'Dry Fragrance': '8.5', 'Finish': '8.3', 'Flavor': '8.6', 'Sweetness': '8.5', 'Uniformity': '8.5', 'Wet Aroma': '8.6'}",9.3,8.5,8.5,8.3,8.5,8.3,8.6,8.5,8.5,8.6
62,Costa Rica Zarcero Finca Salaca,"{'Body': '9', 'Brightness': '8.3', 'Clean Cup': '8.5', 'Complexity': '8.5', 'Dry Fragrance': '8.3', 'Finish': '8.5', 'Flavor': '8.6', 'Sweetness': '8.5', 'Uniformity': '8.5', 'Wet Aroma': '8.6'}",9.0,8.3,8.5,8.5,8.3,8.5,8.6,8.5,8.5,8.6
63,El Salvador Apaneca Finca Miravalle,"{'Body': '9', 'Brightness': '8.3', 'Clean Cup': '8.5', 'Complexity': '7.8', 'Dry Fragrance': '8.3', 'Finish': '8.3', 'Flavor': '8.5', 'Sweetness': '8.3', 'Uniformity': '8.5', 'Wet Aroma': '8.5'}",9.0,8.3,8.5,7.8,8.3,8.3,8.5,8.3,8.5,8.5
64,El Salvador Comasagua San Antonio,"{'Body': '8.8', 'Brightness': '8.3', 'Clean Cup': '8.3', 'Complexity': '7.8', 'Dry Fragrance': '8.2', 'Finish': '8.2', 'Flavor': '8.3', 'Sweetness': '8.3', 'Uniformity': '8.3', 'Wet Aroma': '8.5'}",8.8,8.3,8.3,7.8,8.2,8.2,8.3,8.3,8.3,8.5
65,El Salvador Dry Process Finca San Luis,"{'Body': '9', 'Brightness': '8.2', 'Clean Cup': '7', 'Complexity': '9.5', 'Dry Fragrance': '8.6', 'Finish': '8.5', 'Flavor': '8.7', 'Sweetness': '8.7', 'Uniformity': '8', 'Wet Aroma': '8.8'}",9.0,8.2,7.0,9.5,8.6,8.5,8.7,8.7,8.0,8.8
66,El Salvador Finca La Esperanza,"{'Body': '9', 'Brightness': '8.2', 'Clean Cup': '8.5', 'Complexity': '7.5', 'Dry Fragrance': '8', 'Finish': '8.2', 'Flavor': '8.5', 'Sweetness': '8.2', 'Uniformity': '9', 'Wet Aroma': '8.4'}",9.0,8.2,8.5,7.5,8.0,8.2,8.5,8.2,9.0,8.4
67,El Salvador Finca Miravalle Bourbon,"{'Body': '8.8', 'Brightness': '8.3', 'Clean Cup': '8.2', 'Complexity': '7.2', 'Dry Fragrance': '8.2', 'Finish': '8.2', 'Flavor': '8.5', 'Sweetness': '8.4', 'Uniformity': '9', 'Wet Aroma': '8.5'}",8.8,8.3,8.2,7.2,8.2,8.2,8.5,8.4,9.0,8.5
68,El Salvador Finca Miravalle Tabi,"{'Body': '9', 'Brightness': '8.5', 'Clean Cup': '8.5', 'Complexity': '7.5', 'Dry Fragrance': '8.2', 'Finish': '8.2', 'Flavor': '8.5', 'Sweetness': '8.3', 'Uniformity': '9', 'Wet Aroma': '8.5'}",9.0,8.5,8.5,7.5,8.2,8.2,8.5,8.3,9.0,8.5
69,El Salvador Santa Ana Pacamara,"{'Body': '8', 'Brightness': '8.8', 'Clean Cup': '9', 'Complexity': '8.7', 'Dry Fragrance': '8.6', 'Finish': '8.6', 'Flavor': '9', 'Sweetness': '8.7', 'Uniformity': '8.5', 'Wet Aroma': '8.7'}",8.0,8.8,9.0,8.7,8.6,8.6,9.0,8.7,8.5,8.7
70,El Salvador Santa Ana Pacas,"{'Body': '9', 'Brightness': '8.2', 'Clean Cup': '8.5', 'Complexity': '7.5', 'Dry Fragrance': '8.4', 'Finish': '8.2', 'Flavor': '8.6', 'Sweetness': '8.4', 'Uniformity': '8.5', 'Wet Aroma': '8.5'}",9.0,8.2,8.5,7.5,8.4,8.2,8.6,8.4,8.5,8.5
71,Ethiopia Agaro Duromina,"{'Body': '9', 'Brightness': '8.8', 'Clean Cup': '9', 'Complexity': '9.3', 'Dry Fragrance': '8.9', 'Finish': '9', 'Flavor': '9.2', 'Sweetness': '9', 'Uniformity': '8.7', 'Wet Aroma': '9.1'}",9.0,8.8,9.0,9.3,8.9,9.0,9.2,9.0,8.7,9.1
72,Ethiopia Agaro Kedamai,"{'Body': '9', 'Brightness': '8.7', 'Clean Cup': '8.5', 'Complexity': '9.3', 'Dry Fragrance': '9.1', 'Finish': '9', 'Flavor': '9.2', 'Sweetness': '9', 'Uniformity': '9', 'Wet Aroma': '9.2'}",9.0,8.7,8.5,9.3,9.1,9.0,9.2,9.0,9.0,9.2
73,Ethiopia Agaro Kedamai Coop,"{'Body': '8.8', 'Brightness': '8.7', 'Clean Cup': '9', 'Complexity': '9.5', 'Dry Fragrance': '9.3', 'Finish': '9.5', 'Flavor': '9.5', 'Sweetness': '9', 'Uniformity': '8.3', 'Wet Aroma': '9.6'}",8.8,8.7,9.0,9.5,9.3,9.5,9.5,9.0,8.3,9.6
74,Ethiopia Bensa Asefa Qonqana,"{'Body': '8.2', 'Brightness': '9', 'Clean Cup': '9', 'Complexity': '9.3', 'Dry Fragrance': '8.8', 'Finish': '9.2', 'Flavor': '9.3', 'Sweetness': '8.5', 'Uniformity': '8.2', 'Wet Aroma': '9'}",8.2,9.0,9.0,9.3,8.8,9.2,9.3,8.5,8.2,9.0
75,Ethiopia Benti Nenka SWP Decaf,"{'Body': '8.7', 'Brightness': '8.2', 'Clean Cup': '8', 'Complexity': '9', 'Dry Fragrance': '8.6', 'Finish': '7.4', 'Flavor': '8.8', 'Sweetness': '8.5', 'Uniformity': '9.5', 'Wet Aroma': '8.7'}",8.7,8.2,8.0,9.0,8.6,7.4,8.8,8.5,9.5,8.7
76,Ethiopia Dry Process Benti Nenka,"{'Body': '9', 'Brightness': '8.8', 'Clean Cup': '8.3', 'Complexity': '9.5', 'Dry Fragrance': '9', 'Finish': '9.1', 'Flavor': '9.4', 'Sweetness': '9', 'Uniformity': '8.2', 'Wet Aroma': '9.2'}",9.0,8.8,8.3,9.5,9.0,9.1,9.4,9.0,8.2,9.2
77,Ethiopia Dry Process Bombe Basha,"{'Body': '8.7', 'Brightness': '8.5', 'Clean Cup': '8.5', 'Complexity': '9.5', 'Dry Fragrance': '9', 'Finish': '9', 'Flavor': '9.3', 'Sweetness': '9', 'Uniformity': '8.5', 'Wet Aroma': '9.5'}",8.7,8.5,8.5,9.5,9.0,9.0,9.3,9.0,8.5,9.5
78,Ethiopia Dry Process Buno Dambi Uddo,"{'Body': '9.2', 'Brightness': '8.7', 'Clean Cup': '8.5', 'Complexity': '9.6', 'Dry Fragrance': '9.3', 'Finish': '9.3', 'Flavor': '9.3', 'Sweetness': '9', 'Uniformity': '8.2', 'Wet Aroma': '9.4'}",9.2,8.7,8.5,9.6,9.3,9.3,9.3,9.0,8.2,9.4
79,Ethiopia Dry Process Dari Kidame,"{'Body': '9', 'Brightness': '8.7', 'Clean Cup': '7.5', 'Complexity': '9.5', 'Dry Fragrance': '8.8', 'Finish': '8.8', 'Flavor': '9', 'Sweetness': '8.9', 'Uniformity': '8.2', 'Wet Aroma': '9.3'}",9.0,8.7,7.5,9.5,8.8,8.8,9.0,8.9,8.2,9.3
80,Ethiopia Dry Process Guji Buku,"{'Body': '9', 'Brightness': '9', 'Clean Cup': '8.5', 'Complexity': '9.7', 'Dry Fragrance': '9', 'Finish': '9', 'Flavor': '9.3', 'Sweetness': '8.8', 'Uniformity': '8.2', 'Wet Aroma': '9.2'}",9.0,9.0,8.5,9.7,9.0,9.0,9.3,8.8,8.2,9.2
81,Ethiopia Dry Process Hambela Buliye,"{'Body': '8.8', 'Brightness': '8.9', 'Clean Cup': '8.2', 'Complexity': '9.5', 'Dry Fragrance': '8.7', 'Finish': '9.2', 'Flavor': '9.3', 'Sweetness': '9', 'Uniformity': '8.2', 'Wet Aroma': '8.8'}",8.8,8.9,8.2,9.5,8.7,9.2,9.3,9.0,8.2,8.8
82,Ethiopia Dry Process Hambela Dabaye,"{'Body': '8.8', 'Brightness': '9', 'Clean Cup': '8.3', 'Complexity': '9.5', 'Dry Fragrance': '8.9', 'Finish': '9.3', 'Flavor': '9.2', 'Sweetness': '9', 'Uniformity': '7', 'Wet Aroma': '9.3'}",8.8,9.0,8.3,9.5,8.9,9.3,9.2,9.0,7.0,9.3
83,Ethiopia Dry Process Hambela Goro,"{'Body': '9.5', 'Brightness': '8.4', 'Clean Cup': '7.7', 'Complexity': '9.8', 'Dry Fragrance': '8.8', 'Finish': '8.8', 'Flavor': '9.2', 'Sweetness': '9.2', 'Uniformity': '8', 'Wet Aroma': '9.3'}",9.5,8.4,7.7,9.8,8.8,8.8,9.2,9.2,8.0,9.3
84,Ethiopia Dry Process Idido Desalegn Hijo,"{'Body': '9', 'Brightness': '8.8', 'Clean Cup': '8.5', 'Complexity': '9.6', 'Dry Fragrance': '9.1', 'Finish': '9.2', 'Flavor': '9.3', 'Sweetness': '9', 'Uniformity': '8.2', 'Wet Aroma': '9.5'}",9.0,8.8,8.5,9.6,9.1,9.2,9.3,9.0,8.2,9.5
85,Ethiopia Dry Process Keramo,"{'Body': '9', 'Brightness': '8.5', 'Clean Cup': '8.2', 'Complexity': '9.4', 'Dry Fragrance': '8.9', 'Finish': '8.8', 'Flavor': '8.9', 'Sweetness': '8.8', 'Uniformity': '8', 'Wet Aroma': '9'}",9.0,8.5,8.2,9.4,8.9,8.8,8.9,8.8,8.0,9.0
86,Ethiopia Dry Process Nensebo Refisa,"{'Body': '9', 'Brightness': '8.5', 'Clean Cup': '8.3', 'Complexity': '9.6', 'Dry Fragrance': '9', 'Finish': '9', 'Flavor': '9.3', 'Sweetness': '9', 'Uniformity': '9.2', 'Wet Aroma': '9.3'}",9.0,8.5,8.3,9.6,9.0,9.0,9.3,9.0,9.2,9.3
87,Ethiopia Dry Process Shantawene,"{'Body': '8.5', 'Brightness': '8.7', 'Clean Cup': '8.5', 'Complexity': '9.5', 'Dry Fragrance': '8.8', 'Finish': '9.2', 'Flavor': '9.3', 'Sweetness': '8.8', 'Uniformity': '8.2', 'Wet Aroma': '9.2'}",8.5,8.7,8.5,9.5,8.8,9.2,9.3,8.8,8.2,9.2
88,Ethiopia Dry Process Uraga Haro Wato,"{'Body': '8.8', 'Brightness': '8.8', 'Clean Cup': '8.3', 'Complexity': '9.7', 'Dry Fragrance': '9', 'Finish': '8.7', 'Flavor': '9.2', 'Sweetness': '9', 'Uniformity': '8.2', 'Wet Aroma': '9.3'}",8.8,8.8,8.3,9.7,9.0,8.7,9.2,9.0,8.2,9.3
89,Ethiopia Dry Process Yirga Cheffe Mengesha Farm,"{'Body': '8.6', 'Brightness': '8.6', 'Clean Cup': '8.5', 'Complexity': '9.3', 'Dry Fragrance': '9', 'Finish': '9.1', 'Flavor': '9.3', 'Sweetness': '8.8', 'Uniformity': '8.2', 'Wet Aroma': '9.3'}",8.6,8.6,8.5,9.3,9.0,9.1,9.3,8.8,8.2,9.3
90,Ethiopia Gera Ayetu Farm,"{'Body': '8.7', 'Brightness': '8.5', 'Clean Cup': '9', 'Complexity': '9.2', 'Dry Fragrance': '9', 'Finish': '9', 'Flavor': '9.2', 'Sweetness': '9', 'Uniformity': '9', 'Wet Aroma': '9.2'}",8.7,8.5,9.0,9.2,9.0,9.0,9.2,9.0,9.0,9.2
91,Ethiopia Gera Nano Challa,"{'Body': '9', 'Brightness': '8.7', 'Clean Cup': '9', 'Complexity': '9.3', 'Dry Fragrance': '8.8', 'Finish': '9.2', 'Flavor': '9.3', 'Sweetness': '9', 'Uniformity': '8.5', 'Wet Aroma': '9.2'}",9.0,8.7,9.0,9.3,8.8,9.2,9.3,9.0,8.5,9.2
92,Ethiopia Gera-Goma SWP Decaf,"{'Body': '9', 'Brightness': '8.4', 'Clean Cup': '7.5', 'Complexity': '9', 'Dry Fragrance': '8', 'Finish': '7.5', 'Flavor': '8.7', 'Sweetness': '8.3', 'Uniformity': '9', 'Wet Aroma': '8.4'}",9.0,8.4,7.5,9.0,8.0,7.5,8.7,8.3,9.0,8.4
93,Ethiopia Geta Bore SWP Decaf,"{'Body': '8.7', 'Brightness': '8', 'Clean Cup': '8.2', 'Complexity': '8.7', 'Dry Fragrance': '8.3', 'Finish': '8.2', 'Flavor': '8.5', 'Sweetness': '8.5', 'Uniformity': '9.5', 'Wet Aroma': '8.5'}",8.7,8.0,8.2,8.7,8.3,8.2,8.5,8.5,9.5,8.5
94,Ethiopia Guji Buku Sayisa,"{'Body': '8.3', 'Brightness': '8.5', 'Clean Cup': '8.2', 'Complexity': '9.5', 'Dry Fragrance': '8.9', 'Finish': '8.2', 'Flavor': '9', 'Sweetness': '9', 'Uniformity': '9', 'Wet Aroma': '9'}",8.3,8.5,8.2,9.5,8.9,8.2,9.0,9.0,9.0,9.0
95,Ethiopia Guji Gorebeti SWP Decaf,"{'Body': '8.8', 'Brightness': '7.6', 'Clean Cup': '7.6', 'Complexity': '9', 'Dry Fragrance': '8.4', 'Finish': '8', 'Flavor': '8.8', 'Sweetness': '8.7', 'Uniformity': '9.5', 'Wet Aroma': '8.6'}",8.8,7.6,7.6,9.0,8.4,8.0,8.8,8.7,9.5,8.6
96,Ethiopia Guji Hambela Dabaye,"{'Body': '8.1', 'Brightness': '9', 'Clean Cup': '9.5', 'Complexity': '9.6', 'Dry Fragrance': '9.3', 'Finish': '9.6', 'Flavor': '9.6', 'Sweetness': '9.2', 'Uniformity': '9', 'Wet Aroma': '9.6'}",8.1,9.0,9.5,9.6,9.3,9.6,9.6,9.2,9.0,9.6
97,Ethiopia Guji Shakiso Reji,"{'Body': '8.7', 'Brightness': '8.7', 'Clean Cup': '9', 'Complexity': '9', 'Dry Fragrance': '8.8', 'Finish': '8.8', 'Flavor': '9', 'Sweetness': '9', 'Uniformity': '9', 'Wet Aroma': '9'}",8.7,8.7,9.0,9.0,8.8,8.8,9.0,9.0,9.0,9.0
98,Ethiopia Hambela Benti Nenka,"{'Body': '8', 'Brightness': '9', 'Clean Cup': '8.2', 'Complexity': '9.2', 'Dry Fragrance': '8.9', 'Finish': '8.7', 'Flavor': '9', 'Sweetness': '8.6', 'Uniformity': '9', 'Wet Aroma': '9'}",8.0,9.0,8.2,9.2,8.9,8.7,9.0,8.6,9.0,9.0
99,Ethiopia Kayon Mountain Taaroo,"{'Body': '8', 'Brightness': '9', 'Clean Cup': '9.5', 'Complexity': '9.5', 'Dry Fragrance': '9', 'Finish': '9.5', 'Flavor': '9.6', 'Sweetness': '8.7', 'Uniformity': '9', 'Wet Aroma': '9.5'}",8.0,9.0,9.5,9.5,9.0,9.5,9.6,8.7,9.0,9.5
100,Ethiopia Kennisa Coop,"{'Body': '8.8', 'Brightness': '9', 'Clean Cup': '9', 'Complexity': '9.3', 'Dry Fragrance': '8.8', 'Finish': '8.8', 'Flavor': '9', 'Sweetness': '9', 'Uniformity': '9', 'Wet Aroma': '9'}",8.8,9.0,9.0,9.3,8.8,8.8,9.0,9.0,9.0,9.0
101,Ethiopia Nensebo Refisa,"{'Body': '8.2', 'Brightness': '9', 'Clean Cup': '8.4', 'Complexity': '9.5', 'Dry Fragrance': '9.3', 'Finish': '9.3', 'Flavor': '9.5', 'Sweetness': '9', 'Uniformity': '8.5', 'Wet Aroma': '9.5'}",8.2,9.0,8.4,9.5,9.3,9.3,9.5,9.0,8.5,9.5
102,Ethiopia Organic Agaro Duromina,"{'Body': '9.3', 'Brightness': '8.9', 'Clean Cup': '9', 'Complexity': '9.3', 'Dry Fragrance': '9', 'Finish': '9', 'Flavor': '9.2', 'Sweetness': '9', 'Uniformity': '9', 'Wet Aroma': '9.3'}",9.3,8.9,9.0,9.3,9.0,9.0,9.2,9.0,9.0,9.3
103,Ethiopia Organic Dry Process Birbirsa Coop,"{'Body': '9.2', 'Brightness': '8.8', 'Clean Cup': '8.3', 'Complexity': '9.5', 'Dry Fragrance': '9.2', 'Finish': '9', 'Flavor': '9.3', 'Sweetness': '9', 'Uniformity': '8', 'Wet Aroma': '9.4'}",9.2,8.8,8.3,9.5,9.2,9.0,9.3,9.0,8.0,9.4
104,Ethiopia Organic Dry Process Daannisa,"{'Body': '9', 'Brightness': '8.7', 'Clean Cup': '8.3', 'Complexity': '9.5', 'Dry Fragrance': '9', 'Finish': '9', 'Flavor': '9.3', 'Sweetness': '9', 'Uniformity': '8.5', 'Wet Aroma': '9'}",9.0,8.7,8.3,9.5,9.0,9.0,9.3,9.0,8.5,9.0
105,Ethiopia Organic Gera Genji Challa,"{'Body': '9', 'Brightness': '9.1', 'Clean Cup': '9', 'Complexity': '9.3', 'Dry Fragrance': '9.2', 'Finish': '9.2', 'Flavor': '9.3', 'Sweetness': '9', 'Uniformity': '9', 'Wet Aroma': '9.3'}",9.0,9.1,9.0,9.3,9.2,9.2,9.3,9.0,9.0,9.3
106,Ethiopia Organic Gera Nano Challa,"{'Body': '9', 'Brightness': '9', 'Clean Cup': '9', 'Complexity': '9.5', 'Dry Fragrance': '9.2', 'Finish': '9.3', 'Flavor': '9.4', 'Sweetness': '8.9', 'Uniformity': '9', 'Wet Aroma': '9.5'}",9.0,9.0,9.0,9.5,9.2,9.3,9.4,8.9,9.0,9.5
107,Ethiopia Organic Yebuna Terara SWP Decaf,"{'Body': '8.7', 'Brightness': '8', 'Clean Cup': '8', 'Complexity': '9', 'Dry Fragrance': '8.7', 'Finish': '8', 'Flavor': '8.6', 'Sweetness': '8.3', 'Uniformity': '10', 'Wet Aroma': '8.5'}",8.7,8.0,8.0,9.0,8.7,8.0,8.6,8.3,10.0,8.5
108,Ethiopia Sidama Bombe,"{'Body': '8.6', 'Brightness': '8.5', 'Clean Cup': '8.3', 'Complexity': '9.3', 'Dry Fragrance': '8.9', 'Finish': '8.8', 'Flavor': '9', 'Sweetness': '8.8', 'Uniformity': '9', 'Wet Aroma': '9.1'}",8.6,8.5,8.3,9.3,8.9,8.8,9.0,8.8,9.0,9.1
109,Ethiopia Sidama Keramo,"{'Body': '8.2', 'Brightness': '9', 'Clean Cup': '9', 'Complexity': '9.5', 'Dry Fragrance': '9.3', 'Finish': '9.5', 'Flavor': '9.5', 'Sweetness': '8.8', 'Uniformity': '9', 'Wet Aroma': '9.4'}",8.2,9.0,9.0,9.5,9.3,9.5,9.5,8.8,9.0,9.4
110,Ethiopia Uraga Raro Boda,"{'Body': '8.3', 'Brightness': '9', 'Clean Cup': '8.5', 'Complexity': '9.5', 'Dry Fragrance': '9.2', 'Finish': '9.2', 'Flavor': '9.3', 'Sweetness': '8.9', 'Uniformity': '8.5', 'Wet Aroma': '9.5'}",8.3,9.0,8.5,9.5,9.2,9.2,9.3,8.9,8.5,9.5
111,Ethiopia Yirga Cheffe Chelbesa Danche,"{'Body': '8.2', 'Brightness': '9', 'Clean Cup': '9.5', 'Complexity': '9.5', 'Dry Fragrance': '9.3', 'Finish': '9.6', 'Flavor': '9.6', 'Sweetness': '9.3', 'Uniformity': '9', 'Wet Aroma': '9.5'}",8.2,9.0,9.5,9.5,9.3,9.6,9.6,9.3,9.0,9.5
112,Ethiopia Yirga Cheffe Chelchele,"{'Body': '9', 'Brightness': '8.8', 'Clean Cup': '7.7', 'Complexity': '9.2', 'Dry Fragrance': '8.8', 'Finish': '8.5', 'Flavor': '9', 'Sweetness': '8.8', 'Uniformity': '9', 'Wet Aroma': '9'}",9.0,8.8,7.7,9.2,8.8,8.5,9.0,8.8,9.0,9.0
113,Ethiopia Yirga Cheffe Kebele Gotiti,"{'Body': '8.3', 'Brightness': '9', 'Clean Cup': '9.2', 'Complexity': '9.5', 'Dry Fragrance': '9', 'Finish': '9.3', 'Flavor': '9.4', 'Sweetness': '9.3', 'Uniformity': '9', 'Wet Aroma': '9.3'}",8.3,9.0,9.2,9.5,9.0,9.3,9.4,9.3,9.0,9.3
114,Ethiopia Yukiro Cooperative,"{'Body': '8.9', 'Brightness': '8.8', 'Clean Cup': '9.5', 'Complexity': '9.2', 'Dry Fragrance': '9', 'Finish': '9.1', 'Flavor': '9.2', 'Sweetness': '9.2', 'Uniformity': '8.8', 'Wet Aroma': '9.3'}",8.9,8.8,9.5,9.2,9.0,9.1,9.2,9.2,8.8,9.3
115,Flores Dry Process Bei Poso Village,"{'Body': '9.4', 'Brightness': '8.5', 'Clean Cup': '7.7', 'Complexity': '9.4', 'Dry Fragrance': '8.2', 'Finish': '7.7', 'Flavor': '8.8', 'Sweetness': '8.5', 'Uniformity': '8.2', 'Wet Aroma': '8.6'}",9.4,8.5,7.7,9.4,8.2,7.7,8.8,8.5,8.2,8.6
116,Flores Gunung Waja Mala,"{'Body': '8.7', 'Brightness': '8.3', 'Clean Cup': '8.5', 'Complexity': '8.3', 'Dry Fragrance': '8.3', 'Finish': '8.3', 'Flavor': '8.6', 'Sweetness': '8.5', 'Uniformity': '8.5', 'Wet Aroma': '8.5'}",8.7,8.3,8.5,8.3,8.3,8.3,8.6,8.5,8.5,8.5
117,Flores Wolo Wio,"{'Body': '9', 'Brightness': '8', 'Clean Cup': '8.2', 'Complexity': '8.2', 'Dry Fragrance': '8.2', 'Finish': '8', 'Flavor': '8.3', 'Sweetness': '8.4', 'Uniformity': '8.5', 'Wet Aroma': '8.6'}",9.0,8.0,8.2,8.2,8.2,8.0,8.3,8.4,8.5,8.6
118,Guatemala Acatenango Gesha,"{'Body': '8.8', 'Brightness': '8.7', 'Clean Cup': '9.3', 'Complexity': '9.6', 'Dry Fragrance': '9.3', 'Finish': '9.3', 'Flavor': '9.5', 'Sweetness': '9', 'Uniformity': '8.3', 'Wet Aroma': '9.6'}",8.8,8.7,9.3,9.6,9.3,9.3,9.5,9.0,8.3,9.6
119,Guatemala Acatenango San Diego Buena Vista,"{'Body': '8.8', 'Brightness': '8.6', 'Clean Cup': '8.5', 'Complexity': '8', 'Dry Fragrance': '8.5', 'Finish': '8.5', 'Flavor': '8.6', 'Sweetness': '8.5', 'Uniformity': '8.5', 'Wet Aroma': '8.6'}",8.8,8.6,8.5,8.0,8.5,8.5,8.6,8.5,8.5,8.6
120,Guatemala Antigua Finca Cabrejo ,"{'Body': '9', 'Brightness': '8.6', 'Clean Cup': '9', 'Complexity': '8.6', 'Dry Fragrance': '8.5', 'Finish': '8.6', 'Flavor': '8.7', 'Sweetness': '8.7', 'Uniformity': '9', 'Wet Aroma': '8.8'}",9.0,8.6,9.0,8.6,8.5,8.6,8.7,8.7,9.0,8.8
121,Guatemala Antigua La Parcela Melanie,"{'Body': '8.9', 'Brightness': '8.6', 'Clean Cup': '8.5', 'Complexity': '8', 'Dry Fragrance': '8.4', 'Finish': '8.4', 'Flavor': '8.7', 'Sweetness': '8.5', 'Uniformity': '9', 'Wet Aroma': '8.6'}",8.9,8.6,8.5,8.0,8.4,8.4,8.7,8.5,9.0,8.6
122,Guatemala Antigua Pulcal,"{'Body': '9', 'Brightness': '8.5', 'Clean Cup': '9', 'Complexity': '8', 'Dry Fragrance': '8.4', 'Finish': '8.5', 'Flavor': '8.7', 'Sweetness': '8.8', 'Uniformity': '9', 'Wet Aroma': '8.6'}",9.0,8.5,9.0,8.0,8.4,8.5,8.7,8.8,9.0,8.6
123,Guatemala Antigua Pulcal Bourboncito,"{'Body': '9', 'Brightness': '8.5', 'Clean Cup': '8.5', 'Complexity': '8.2', 'Dry Fragrance': '8.5', 'Finish': '8.5', 'Flavor': '8.7', 'Sweetness': '8.7', 'Uniformity': '9', 'Wet Aroma': '8.6'}",9.0,8.5,8.5,8.2,8.5,8.5,8.7,8.7,9.0,8.6
124,Guatemala Antigua Pulcal Inteligente,"{'Body': '9', 'Brightness': '8.4', 'Clean Cup': '9', 'Complexity': '8.2', 'Dry Fragrance': '8.3', 'Finish': '8.4', 'Flavor': '8.7', 'Sweetness': '8.7', 'Uniformity': '8.5', 'Wet Aroma': '8.7'}",9.0,8.4,9.0,8.2,8.3,8.4,8.7,8.7,8.5,8.7
125,Guatemala Antigua Pulcal Yellow Bourbon,"{'Body': '8.8', 'Brightness': '8.7', 'Clean Cup': '8.3', 'Complexity': '8.7', 'Dry Fragrance': '8.5', 'Finish': '8.5', 'Flavor': '8.7', 'Sweetness': '8.7', 'Uniformity': '8.5', 'Wet Aroma': '8.7'}",8.8,8.7,8.3,8.7,8.5,8.5,8.7,8.7,8.5,8.7
126,Guatemala Antigua Santa Ines,"{'Body': '8.7', 'Brightness': '8.2', 'Clean Cup': '8.5', 'Complexity': '8', 'Dry Fragrance': '8.3', 'Finish': '8.4', 'Flavor': '8.5', 'Sweetness': '8.5', 'Uniformity': '8.2', 'Wet Aroma': '8.5'}",8.7,8.2,8.5,8.0,8.3,8.4,8.5,8.5,8.2,8.5
127,Guatemala Antigua Santa Ines B300,"{'Body': '9', 'Brightness': '8.4', 'Clean Cup': '8.5', 'Complexity': '8.2', 'Dry Fragrance': '8.3', 'Finish': '8.3', 'Flavor': '8.5', 'Sweetness': '8.4', 'Uniformity': '9', 'Wet Aroma': '8.6'}",9.0,8.4,8.5,8.2,8.3,8.3,8.5,8.4,9.0,8.6
128,Guatemala Cafeteros SWP Decaf,"{'Body': '8.8', 'Brightness': '8.2', 'Clean Cup': '8.2', 'Complexity': '8.5', 'Dry Fragrance': '8.3', 'Finish': '7.7', 'Flavor': '8.6', 'Sweetness': '8.4', 'Uniformity': '9', 'Wet Aroma': '8.5'}",8.8,8.2,8.2,8.5,8.3,7.7,8.6,8.4,9.0,8.5
129,Guatemala Chimaltenango Tecpán,"{'Body': '8.8', 'Brightness': '8.8', 'Clean Cup': '8.5', 'Complexity': '8.6', 'Dry Fragrance': '8.3', 'Finish': '8.4', 'Flavor': '8.7', 'Sweetness': '8.5', 'Uniformity': '8.3', 'Wet Aroma': '8.6'}",8.8,8.8,8.5,8.6,8.3,8.4,8.7,8.5,8.3,8.6
130,Guatemala Coban Chichupak Coop,"{'Body': '8.9', 'Brightness': '8.6', 'Clean Cup': '8.5', 'Complexity': '8.5', 'Dry Fragrance': '8.5', 'Finish': '8.5', 'Flavor': '8.7', 'Sweetness': '8.5', 'Uniformity': '8.5', 'Wet Aroma': '8.7'}",8.9,8.6,8.5,8.5,8.5,8.5,8.7,8.5,8.5,8.7
131,Guatemala Finca La Florencia,"{'Body': '8.7', 'Brightness': '8.5', 'Clean Cup': '8.5', 'Complexity': '8.2', 'Dry Fragrance': '8.5', 'Finish': '8.5', 'Flavor': '8.6', 'Sweetness': '8.5', 'Uniformity': '9', 'Wet Aroma': '8.6'}",8.7,8.5,8.5,8.2,8.5,8.5,8.6,8.5,9.0,8.6
132,Guatemala Huehuetenago Finca Los Suspiros,"{'Body': '9', 'Brightness': '8.6', 'Clean Cup': '8', 'Complexity': '8.5', 'Dry Fragrance': '8', 'Finish': '8', 'Flavor': '8.3', 'Sweetness': '8.5', 'Uniformity': '9', 'Wet Aroma': '8.5'}",9.0,8.6,8.0,8.5,8.0,8.0,8.3,8.5,9.0,8.5
133,Guatemala Huehuetenango Aguacatones Honey,"{'Body': '9.5', 'Brightness': '8', 'Clean Cup': '7.8', 'Complexity': '8.2', 'Dry Fragrance': '8.2', 'Finish': '8', 'Flavor': '8.3', 'Sweetness': '8.3', 'Uniformity': '8.5', 'Wet Aroma': '8.4'}",9.5,8.0,7.8,8.2,8.2,8.0,8.3,8.3,8.5,8.4
134,Guatemala Huehuetenango Finca Rosma,"{'Body': '9', 'Brightness': '8.6', 'Clean Cup': '8.5', 'Complexity': '8.8', 'Dry Fragrance': '8.6', 'Finish': '8.7', 'Flavor': '8.9', 'Sweetness': '8.9', 'Uniformity': '8.5', 'Wet Aroma': '8.7'}",9.0,8.6,8.5,8.8,8.6,8.7,8.9,8.9,8.5,8.7
135,Guatemala Libertad Punta del Cerro,"{'Body': '9.2', 'Brightness': '8.4', 'Clean Cup': '8.3', 'Complexity': '7.8', 'Dry Fragrance': '8.5', 'Finish': '8', 'Flavor': '8.5', 'Sweetness': '8.6', 'Uniformity': '8.5', 'Wet Aroma': '8.7'}",9.2,8.4,8.3,7.8,8.5,8.0,8.5,8.6,8.5,8.7
136,Guatemala Patzun Finca Las Camelias,"{'Body': '8.7', 'Brightness': '8.5', 'Clean Cup': '8.5', 'Complexity': '8.8', 'Dry Fragrance': '8.7', 'Finish': '8.7', 'Flavor': '9', 'Sweetness': '8.8', 'Uniformity': '9', 'Wet Aroma': '8.9'}",8.7,8.5,8.5,8.8,8.7,8.7,9.0,8.8,9.0,8.9
137,Guatemala San Martin Jilotepeque,"{'Body': '8.8', 'Brightness': '8.3', 'Clean Cup': '8.5', 'Complexity': '8.3', 'Dry Fragrance': '8.5', 'Finish': '8.4', 'Flavor': '8.5', 'Sweetness': '8.5', 'Uniformity': '8.5', 'Wet Aroma': '8.6'}",8.8,8.3,8.5,8.3,8.5,8.4,8.5,8.5,8.5,8.6
138,Guatemala Volcan Acatenango SWP Decaf,"{'Body': '8.8', 'Brightness': '8.2', 'Clean Cup': '8.3', 'Complexity': '8.8', 'Dry Fragrance': '8.2', 'Finish': '8.2', 'Flavor': '8.6', 'Sweetness': '8.4', 'Uniformity': '9', 'Wet Aroma': '8.5'}",8.8,8.2,8.3,8.8,8.2,8.2,8.6,8.4,9.0,8.5
139,Guatemala Xinabajul Ader Recinos,"{'Body': '9', 'Brightness': '8', 'Clean Cup': '7.5', 'Complexity': '8', 'Dry Fragrance': '8.2', 'Finish': '7.8', 'Flavor': '8.3', 'Sweetness': '8.5', 'Uniformity': '8.5', 'Wet Aroma': '8.5'}",9.0,8.0,7.5,8.0,8.2,7.8,8.3,8.5,8.5,8.5
140,Guatemala Xinabajul Aldea Tuiloj,"{'Body': '9', 'Brightness': '8.6', 'Clean Cup': '8.5', 'Complexity': '8.9', 'Dry Fragrance': '8.6', 'Finish': '8.8', 'Flavor': '8.8', 'Sweetness': '8.8', 'Uniformity': '8.5', 'Wet Aroma': '8.8'}",9.0,8.6,8.5,8.9,8.6,8.8,8.8,8.8,8.5,8.8
141,Guatemala Xinabajul Aler Villatoro,"{'Body': '9.3', 'Brightness': '8.5', 'Clean Cup': '8.5', 'Complexity': '8.8', 'Dry Fragrance': '8.7', 'Finish': '8.5', 'Flavor': '8.8', 'Sweetness': '8.7', 'Uniformity': '8.5', 'Wet Aroma': '8.8'}",9.3,8.5,8.5,8.8,8.7,8.5,8.8,8.7,8.5,8.8
142,Guatemala Xinabajul Boqueroncito,"{'Body': '9.2', 'Brightness': '8', 'Clean Cup': '8.5', 'Complexity': '8.2', 'Dry Fragrance': '8.5', 'Finish': '8.4', 'Flavor': '8.6', 'Sweetness': '8.7', 'Uniformity': '8.5', 'Wet Aroma': '8.5'}",9.2,8.0,8.5,8.2,8.5,8.4,8.6,8.7,8.5,8.5
143,Guatemala Xinabajul Comunidad de Libertad,"{'Body': '9', 'Brightness': '8.4', 'Clean Cup': '8.2', 'Complexity': '7.6', 'Dry Fragrance': '8.3', 'Finish': '8.3', 'Flavor': '8.6', 'Sweetness': '8.6', 'Uniformity': '8.8', 'Wet Aroma': '8.6'}",9.0,8.4,8.2,7.6,8.3,8.3,8.6,8.6,8.8,8.6
144,Guatemala Xinabajul El Paraiso,"{'Body': '8.9', 'Brightness': '8.6', 'Clean Cup': '8.5', 'Complexity': '8.3', 'Dry Fragrance': '8.5', 'Finish': '8.4', 'Flavor': '8.7', 'Sweetness': '8.7', 'Uniformity': '8.5', 'Wet Aroma': '8.7'}",8.9,8.6,8.5,8.3,8.5,8.4,8.7,8.7,8.5,8.7
145,Guatemala Xinabajul Flavio Del Cerro,"{'Body': '9.2', 'Brightness': '8.6', 'Clean Cup': '8.5', 'Complexity': '8.8', 'Dry Fragrance': '8.7', 'Finish': '8.5', 'Flavor': '8.8', 'Sweetness': '8.6', 'Uniformity': '8.5', 'Wet Aroma': '8.8'}",9.2,8.6,8.5,8.8,8.7,8.5,8.8,8.6,8.5,8.8
146,Guatemala Xinabajul Herlindo Villatoro,"{'Body': '9', 'Brightness': '8.5', 'Clean Cup': '8', 'Complexity': '8.6', 'Dry Fragrance': '8.5', 'Finish': '8.3', 'Flavor': '8.6', 'Sweetness': '8.5', 'Uniformity': '8.5', 'Wet Aroma': '8.6'}",9.0,8.5,8.0,8.6,8.5,8.3,8.6,8.5,8.5,8.6
147,Guatemala Xinabajul Los Chuchitos,"{'Body': '9', 'Brightness': '8.4', 'Clean Cup': '8.3', 'Complexity': '8', 'Dry Fragrance': '8.2', 'Finish': '8.4', 'Flavor': '8.6', 'Sweetness': '8.5', 'Uniformity': '8.2', 'Wet Aroma': '8.4'}",9.0,8.4,8.3,8.0,8.2,8.4,8.6,8.5,8.2,8.4
148,Guatemala Xinabajul Michicoy,"{'Body': '9', 'Brightness': '8.2', 'Clean Cup': '8.5', 'Complexity': '8.3', 'Dry Fragrance': '8.5', 'Finish': '8.5', 'Flavor': '8.5', 'Sweetness': '8.6', 'Uniformity': '8.5', 'Wet Aroma': '8.7'}",9.0,8.2,8.5,8.3,8.5,8.5,8.5,8.6,8.5,8.7
149,Guatemala Xinabajul Peña Blanca,"{'Body': '9.2', 'Brightness': '8.7', 'Clean Cup': '8.8', 'Complexity': '8.6', 'Dry Fragrance': '8.5', 'Finish': '8.6', 'Flavor': '8.7', 'Sweetness': '8.7', 'Uniformity': '8.5', 'Wet Aroma': '8.7'}",9.2,8.7,8.8,8.6,8.5,8.6,8.7,8.7,8.5,8.7
150,Guatemala Xinabajul Producers,"{'Body': '8.8', 'Brightness': '8.5', 'Clean Cup': '8.5', 'Complexity': '8.5', 'Dry Fragrance': '8.5', 'Finish': '8.5', 'Flavor': '8.7', 'Sweetness': '8.6', 'Uniformity': '8.5', 'Wet Aroma': '8.7'}",8.8,8.5,8.5,8.5,8.5,8.5,8.7,8.6,8.5,8.7
151,Guatemala Xinabajul San Gaspar Ixchil,"{'Body': '9.1', 'Brightness': '8.7', 'Clean Cup': '8', 'Complexity': '8.9', 'Dry Fragrance': '8.6', 'Finish': '8.6', 'Flavor': '8.8', 'Sweetness': '8.7', 'Uniformity': '8.5', 'Wet Aroma': '8.8'}",9.1,8.7,8.0,8.9,8.6,8.6,8.8,8.7,8.5,8.8
152,Guatemala Xinabajul Santa Barbara,"{'Body': '9', 'Brightness': '8.6', 'Clean Cup': '8.5', 'Complexity': '8.7', 'Dry Fragrance': '8.6', 'Finish': '8.6', 'Flavor': '9', 'Sweetness': '8.6', 'Uniformity': '9', 'Wet Aroma': '8.8'}",9.0,8.6,8.5,8.7,8.6,8.6,9.0,8.6,9.0,8.8
153,Honduras Comayagua Donato Java,"{'Body': '8.2', 'Brightness': '8.6', 'Clean Cup': '7.7', 'Complexity': '8.8', 'Dry Fragrance': '8.3', 'Finish': '8.2', 'Flavor': '8.5', 'Sweetness': '8.7', 'Uniformity': '9', 'Wet Aroma': '8.6'}",8.2,8.6,7.7,8.8,8.3,8.2,8.5,8.7,9.0,8.6
154,Honduras Dry Process Miguel Giron,"{'Body': '9', 'Brightness': '8', 'Clean Cup': '7.5', 'Complexity': '9', 'Dry Fragrance': '8.3', 'Finish': '8.5', 'Flavor': '8.5', 'Sweetness': '8.5', 'Uniformity': '8.5', 'Wet Aroma': '8.6'}",9.0,8.0,7.5,9.0,8.3,8.5,8.5,8.5,8.5,8.6
155,Honduras Dry Process Sabillon Parainema,"{'Body': '9', 'Brightness': '8.5', 'Clean Cup': '8', 'Complexity': '9.2', 'Dry Fragrance': '8.7', 'Finish': '8.5', 'Flavor': '8.8', 'Sweetness': '8.7', 'Uniformity': '8.5', 'Wet Aroma': '8.9'}",9.0,8.5,8.0,9.2,8.7,8.5,8.8,8.7,8.5,8.9
156,Honduras Honda Fredy Vasquez,"{'Body': '8.6', 'Brightness': '8.3', 'Clean Cup': '8.5', 'Complexity': '7.3', 'Dry Fragrance': '8.4', 'Finish': '8.3', 'Flavor': '8.4', 'Sweetness': '8.3', 'Uniformity': '8.5', 'Wet Aroma': '8.5'}",8.6,8.3,8.5,7.3,8.4,8.3,8.4,8.3,8.5,8.5
157,Honduras Juan Carlos Sabillon Parainema,"{'Body': '8.7', 'Brightness': '8.8', 'Clean Cup': '9', 'Complexity': '8.8', 'Dry Fragrance': '8.7', 'Finish': '8.8', 'Flavor': '9', 'Sweetness': '8.8', 'Uniformity': '9', 'Wet Aroma': '8.8'}",8.7,8.8,9.0,8.8,8.7,8.8,9.0,8.8,9.0,8.8
158,Honduras Las Flores Doña Maria Parainema,"{'Body': '8.2', 'Brightness': '8.9', 'Clean Cup': '9', 'Complexity': '9', 'Dry Fragrance': '8.7', 'Finish': '8.9', 'Flavor': '9', 'Sweetness': '8.4', 'Uniformity': '8.5', 'Wet Aroma': '8.6'}",8.2,8.9,9.0,9.0,8.7,8.9,9.0,8.4,8.5,8.6
159,Honduras Las Flores Nelson Parainema,"{'Body': '9', 'Brightness': '8.6', 'Clean Cup': '8.5', 'Complexity': '8.8', 'Dry Fragrance': '8.7', 'Finish': '8.7', 'Flavor': '9', 'Sweetness': '8.8', 'Uniformity': '9', 'Wet Aroma': '8.8'}",9.0,8.6,8.5,8.8,8.7,8.7,9.0,8.8,9.0,8.8
160,Honduras Montecillos Finca La Alondra,"{'Body': '8.8', 'Brightness': '8.6', 'Clean Cup': '8.5', 'Complexity': '8.6', 'Dry Fragrance': '8.5', 'Finish': '8.7', 'Flavor': '8.8', 'Sweetness': '9', 'Uniformity': '9', 'Wet Aroma': '8.7'}",8.8,8.6,8.5,8.6,8.5,8.7,8.8,9.0,9.0,8.7
161,Honduras Ocotepeque San Marcos,"{'Body': '9.2', 'Brightness': '7.8', 'Clean Cup': '8.3', 'Complexity': '7.8', 'Dry Fragrance': '8.2', 'Finish': '8.3', 'Flavor': '8.3', 'Sweetness': '8.4', 'Uniformity': '8.5', 'Wet Aroma': '8.5'}",9.2,7.8,8.3,7.8,8.2,8.3,8.3,8.4,8.5,8.5
162,Honduras Productores de La Paz,"{'Body': '8.5', 'Brightness': '7.8', 'Clean Cup': '8', 'Complexity': '8', 'Dry Fragrance': '8.2', 'Finish': '8.3', 'Flavor': '8.4', 'Sweetness': '8.4', 'Uniformity': '8.5', 'Wet Aroma': '8.5'}",8.5,7.8,8.0,8.0,8.2,8.3,8.4,8.4,8.5,8.5
163,Honduras Productores de Lempira,"{'Body': '8.7', 'Brightness': '8.5', 'Clean Cup': '8.4', 'Complexity': '8.5', 'Dry Fragrance': '8.2', 'Finish': '8.3', 'Flavor': '8.6', 'Sweetness': '8.5', 'Uniformity': '8.2', 'Wet Aroma': '8.6'}",8.7,8.5,8.4,8.5,8.2,8.3,8.6,8.5,8.2,8.6
164,Honduras San Vicente Comunidad Cabañas,"{'Body': '8.7', 'Brightness': '8.5', 'Clean Cup': '8.5', 'Complexity': '8.7', 'Dry Fragrance': '8.5', 'Finish': '8.5', 'Flavor': '8.6', 'Sweetness': '8.5', 'Uniformity': '8.5', 'Wet Aroma': '8.6'}",8.7,8.5,8.5,8.7,8.5,8.5,8.6,8.5,8.5,8.6
165,Honduras Santa Barbara Alexis Piñeda,"{'Body': '9', 'Brightness': '8.6', 'Clean Cup': '8.2', 'Complexity': '8.8', 'Dry Fragrance': '8.5', 'Finish': '8.3', 'Flavor': '8.7', 'Sweetness': '8.6', 'Uniformity': '8.5', 'Wet Aroma': '8.7'}",9.0,8.6,8.2,8.8,8.5,8.3,8.7,8.6,8.5,8.7
166,India Araku Valley,"{'Body': '9', 'Brightness': '7.7', 'Clean Cup': '7.7', 'Complexity': '8', 'Dry Fragrance': '8.2', 'Finish': '8', 'Flavor': '8.2', 'Sweetness': '8.3', 'Uniformity': '8.5', 'Wet Aroma': '8.4'}",9.0,7.7,7.7,8.0,8.2,8.0,8.2,8.3,8.5,8.4
167,India Monsoon Malabar AA,"{'Body': '10', 'Brightness': '6', 'Clean Cup': '6', 'Complexity': '10', 'Dry Fragrance': '6', 'Finish': '6', 'Flavor': '7.5', 'Sweetness': '6.5', 'Uniformity': '10', 'Wet Aroma': '7'}",10.0,6.0,6.0,10.0,6.0,6.0,7.5,6.5,10.0,7.0
168,Indonesia Nusantara SWP Decaf,"{'Body': '9', 'Brightness': '8', 'Clean Cup': '8', 'Complexity': '8.6', 'Dry Fragrance': '7.8', 'Finish': '7.8', 'Flavor': '8.5', 'Sweetness': '8.4', 'Uniformity': '9.5', 'Wet Aroma': '8.5'}",9.0,8.0,8.0,8.6,7.8,7.8,8.5,8.4,9.5,8.5
169,Java Dry Process Kuningan Robusta,"{'Body': '10', 'Brightness': '6.5', 'Clean Cup': '7', 'Complexity': '10', 'Dry Fragrance': '7', 'Finish': '7', 'Flavor': '8.2', 'Sweetness': '7.3', 'Uniformity': '9', 'Wet Aroma': '7.3'}",10.0,6.5,7.0,10.0,7.0,7.0,8.2,7.3,9.0,7.3
170,Java Wet Hulled Tambak Ruyung,"{'Body': '9.5', 'Brightness': '8.3', 'Clean Cup': '7.8', 'Complexity': '9', 'Dry Fragrance': '8', 'Finish': '8', 'Flavor': '8.7', 'Sweetness': '8.5', 'Uniformity': '8', 'Wet Aroma': '8.5'}",9.5,8.3,7.8,9.0,8.0,8.0,8.7,8.5,8.0,8.5
171,Java Wet Hulled Waspada,"{'Body': '9.2', 'Brightness': '8.4', 'Clean Cup': '7.8', 'Complexity': '9.3', 'Dry Fragrance': '8.3', 'Finish': '8.4', 'Flavor': '8.8', 'Sweetness': '8.5', 'Uniformity': '8', 'Wet Aroma': '8.6'}",9.2,8.4,7.8,9.3,8.3,8.4,8.8,8.5,8.0,8.6
172,Kenya Kiambu Fram Farm AA,"{'Body': '8.8', 'Brightness': '9', 'Clean Cup': '9.5', 'Complexity': '9.5', 'Dry Fragrance': '9.2', 'Finish': '9.2', 'Flavor': '9.3', 'Sweetness': '9', 'Uniformity': '9', 'Wet Aroma': '9.5'}",8.8,9.0,9.5,9.5,9.2,9.2,9.3,9.0,9.0,9.5
173,Kenya Kiambu Fram Farm AB,"{'Body': '8.8', 'Brightness': '9', 'Clean Cup': '9', 'Complexity': '9.5', 'Dry Fragrance': '9.1', 'Finish': '9', 'Flavor': '9.3', 'Sweetness': '9', 'Uniformity': '8.5', 'Wet Aroma': '9.4'}",8.8,9.0,9.0,9.5,9.1,9.0,9.3,9.0,8.5,9.4
174,Kenya Kiambu Fram Farm Peaberry,"{'Body': '8.5', 'Brightness': '9.4', 'Clean Cup': '9.5', 'Complexity': '9.6', 'Dry Fragrance': '9.5', 'Finish': '9.3', 'Flavor': '9.5', 'Sweetness': '9', 'Uniformity': '9', 'Wet Aroma': '9.5'}",8.5,9.4,9.5,9.6,9.5,9.3,9.5,9.0,9.0,9.5
175,Kenya Kiambu Ndumberi Peaberry,"{'Body': '8.7', 'Brightness': '9.2', 'Clean Cup': '9', 'Complexity': '9.3', 'Dry Fragrance': '9', 'Finish': '9.2', 'Flavor': '9.3', 'Sweetness': '9', 'Uniformity': '9', 'Wet Aroma': '9.3'}",8.7,9.2,9.0,9.3,9.0,9.2,9.3,9.0,9.0,9.3
176,Kenya Kiambu Riabai AB,"{'Body': '8.7', 'Brightness': '8.8', 'Clean Cup': '8.8', 'Complexity': '9', 'Dry Fragrance': '8.9', 'Finish': '8.8', 'Flavor': '9', 'Sweetness': '9.2', 'Uniformity': '9', 'Wet Aroma': '9'}",8.7,8.8,8.8,9.0,8.9,8.8,9.0,9.2,9.0,9.0
177,Kenya Kirinyaga Kainamui Peaberry,"{'Body': '9', 'Brightness': '9.2', 'Clean Cup': '8.7', 'Complexity': '9.4', 'Dry Fragrance': '9.2', 'Finish': '9', 'Flavor': '9.3', 'Sweetness': '9', 'Uniformity': '9', 'Wet Aroma': '9.5'}",9.0,9.2,8.7,9.4,9.2,9.0,9.3,9.0,9.0,9.5
178,Kenya Kirinyaga Kamwangi AB,"{'Body': '8.6', 'Brightness': '9.3', 'Clean Cup': '9.2', 'Complexity': '9.3', 'Dry Fragrance': '9.1', 'Finish': '9.2', 'Flavor': '9.2', 'Sweetness': '8.8', 'Uniformity': '9', 'Wet Aroma': '9.3'}",8.6,9.3,9.2,9.3,9.1,9.2,9.2,8.8,9.0,9.3
179,Kenya Kirinyaga Kamwangi Peaberry,"{'Body': '9', 'Brightness': '9.2', 'Clean Cup': '9.4', 'Complexity': '9.3', 'Dry Fragrance': '9.2', 'Finish': '9.2', 'Flavor': '9.3', 'Sweetness': '9', 'Uniformity': '9', 'Wet Aroma': '9.5'}",9.0,9.2,9.4,9.3,9.2,9.2,9.3,9.0,9.0,9.5
180,Kenya Kirinyaga Kiunyu Peaberry,"{'Body': '8.9', 'Brightness': '8.7', 'Clean Cup': '9', 'Complexity': '9.7', 'Dry Fragrance': '9.3', 'Finish': '9.5', 'Flavor': '9.6', 'Sweetness': '9.3', 'Uniformity': '9', 'Wet Aroma': '9.5'}",8.9,8.7,9.0,9.7,9.3,9.5,9.6,9.3,9.0,9.5
181,Kenya Kirinyaga Muburi Peaberry,"{'Body': '9', 'Brightness': '8.5', 'Clean Cup': '9', 'Complexity': '9.3', 'Dry Fragrance': '9', 'Finish': '9.2', 'Flavor': '9', 'Sweetness': '8.8', 'Uniformity': '9', 'Wet Aroma': '9.2'}",9.0,8.5,9.0,9.3,9.0,9.2,9.0,8.8,9.0,9.2
182,Kenya Kirinyaga Thunguri Peaberry,"{'Body': '8.6', 'Brightness': '9.2', 'Clean Cup': '9', 'Complexity': '9.3', 'Dry Fragrance': '9', 'Finish': '9.2', 'Flavor': '9.3', 'Sweetness': '9', 'Uniformity': '9', 'Wet Aroma': '9.3'}",8.6,9.2,9.0,9.3,9.0,9.2,9.3,9.0,9.0,9.3
183,Kenya Kirinyaga Wanja AA,"{'Body': '8.8', 'Brightness': '9.2', 'Clean Cup': '9', 'Complexity': '9.3', 'Dry Fragrance': '9.2', 'Finish': '9.2', 'Flavor': '9.3', 'Sweetness': '9.2', 'Uniformity': '9', 'Wet Aroma': '9.3'}",8.8,9.2,9.0,9.3,9.2,9.2,9.3,9.2,9.0,9.3
184,Kenya Muranga Kagumoini AB,"{'Body': '8.7', 'Brightness': '8.9', 'Clean Cup': '9', 'Complexity': '9.3', 'Dry Fragrance': '9.2', 'Finish': '9.1', 'Flavor': '9.3', 'Sweetness': '9', 'Uniformity': '9', 'Wet Aroma': '9.3'}",8.7,8.9,9.0,9.3,9.2,9.1,9.3,9.0,9.0,9.3
185,Kenya Muranga Nguku AB,"{'Body': '8.7', 'Brightness': '9.3', 'Clean Cup': '9', 'Complexity': '9', 'Dry Fragrance': '9.1', 'Finish': '9', 'Flavor': '9.2', 'Sweetness': '9.3', 'Uniformity': '9', 'Wet Aroma': '9.3'}",8.7,9.3,9.0,9.0,9.1,9.0,9.2,9.3,9.0,9.3
186,Kenya Muranga Nguku Peaberry,"{'Body': '8.7', 'Brightness': '8.8', 'Clean Cup': '9', 'Complexity': '9.3', 'Dry Fragrance': '9.2', 'Finish': '9.2', 'Flavor': '9.3', 'Sweetness': '9.2', 'Uniformity': '9', 'Wet Aroma': '9.5'}",8.7,8.8,9.0,9.3,9.2,9.2,9.3,9.2,9.0,9.5
187,Kenya Muranga Riakiberu Peaberry,"{'Body': '8.7', 'Brightness': '9', 'Clean Cup': '9', 'Complexity': '9.2', 'Dry Fragrance': '8.8', 'Finish': '9', 'Flavor': '9', 'Sweetness': '9.2', 'Uniformity': '8.5', 'Wet Aroma': '9'}",8.7,9.0,9.0,9.2,8.8,9.0,9.0,9.2,8.5,9.0
188,Kenya Nyeri Chinga AA,"{'Body': '8.8', 'Brightness': '9.2', 'Clean Cup': '9', 'Complexity': '9.6', 'Dry Fragrance': '9.3', 'Finish': '9.3', 'Flavor': '9.5', 'Sweetness': '9', 'Uniformity': '8.7', 'Wet Aroma': '9.6'}",8.8,9.2,9.0,9.6,9.3,9.3,9.5,9.0,8.7,9.6
189,Kenya Nyeri Gathaithi AA,"{'Body': '9', 'Brightness': '9', 'Clean Cup': '9', 'Complexity': '9.5', 'Dry Fragrance': '9.2', 'Finish': '9.3', 'Flavor': '9.4', 'Sweetness': '9', 'Uniformity': '9', 'Wet Aroma': '9.3'}",9.0,9.0,9.0,9.5,9.2,9.3,9.4,9.0,9.0,9.3
190,Kenya Nyeri Gatomboya Peaberry,"{'Body': '8.9', 'Brightness': '9.2', 'Clean Cup': '9', 'Complexity': '9.3', 'Dry Fragrance': '9', 'Finish': '9.4', 'Flavor': '9.4', 'Sweetness': '9.5', 'Uniformity': '9', 'Wet Aroma': '9.4'}",8.9,9.2,9.0,9.3,9.0,9.4,9.4,9.5,9.0,9.4
191,Kenya Nyeri Gatugi AB,"{'Body': '8.9', 'Brightness': '8.8', 'Clean Cup': '9', 'Complexity': '9.3', 'Dry Fragrance': '9.2', 'Finish': '9.2', 'Flavor': '9.4', 'Sweetness': '9.3', 'Uniformity': '8.5', 'Wet Aroma': '9.4'}",8.9,8.8,9.0,9.3,9.2,9.2,9.4,9.3,8.5,9.4
192,Kenya Nyeri Gatugi Peaberry,"{'Body': '9', 'Brightness': '8.8', 'Clean Cup': '9', 'Complexity': '9.5', 'Dry Fragrance': '9.2', 'Finish': '9', 'Flavor': '9.2', 'Sweetness': '9', 'Uniformity': '9', 'Wet Aroma': '9.3'}",9.0,8.8,9.0,9.5,9.2,9.0,9.2,9.0,9.0,9.3
193,Kenya Nyeri Ichamama AA,"{'Body': '8.1', 'Brightness': '9.4', 'Clean Cup': '9', 'Complexity': '9', 'Dry Fragrance': '8.7', 'Finish': '8.9', 'Flavor': '9', 'Sweetness': '9', 'Uniformity': '9', 'Wet Aroma': '9'}",8.1,9.4,9.0,9.0,8.7,8.9,9.0,9.0,9.0,9.0
194,Kenya Nyeri Kagumo AA,"{'Body': '8.5', 'Brightness': '9.1', 'Clean Cup': '8.2', 'Complexity': '9.5', 'Dry Fragrance': '8.9', 'Finish': '8.7', 'Flavor': '9.3', 'Sweetness': '9', 'Uniformity': '8.5', 'Wet Aroma': '9.2'}",8.5,9.1,8.2,9.5,8.9,8.7,9.3,9.0,8.5,9.2
195,Kenya Nyeri Kagumo AB,"{'Body': '8.7', 'Brightness': '9.3', 'Clean Cup': '9', 'Complexity': '9.3', 'Dry Fragrance': '9.2', 'Finish': '9.2', 'Flavor': '9.4', 'Sweetness': '9', 'Uniformity': '9', 'Wet Aroma': '9.3'}",8.7,9.3,9.0,9.3,9.2,9.2,9.4,9.0,9.0,9.3
196,Kenya Nyeri Kagumo Peaberry,"{'Body': '8.7', 'Brightness': '9', 'Clean Cup': '9.2', 'Complexity': '9.7', 'Dry Fragrance': '9.3', 'Finish': '9.2', 'Flavor': '9.5', 'Sweetness': '9', 'Uniformity': '9', 'Wet Aroma': '9.4'}",8.7,9.0,9.2,9.7,9.3,9.2,9.5,9.0,9.0,9.4
197,Kenya Nyeri Karindundu Peaberry,"{'Body': '8.7', 'Brightness': '8.8', 'Clean Cup': '8.8', 'Complexity': '9.5', 'Dry Fragrance': '9.1', 'Finish': '9.2', 'Flavor': '9.3', 'Sweetness': '9.1', 'Uniformity': '9', 'Wet Aroma': '9.2'}",8.7,8.8,8.8,9.5,9.1,9.2,9.3,9.1,9.0,9.2
198,Kenya Nyeri Kiruga AB,"{'Body': '8.7', 'Brightness': '8.7', 'Clean Cup': '9.5', 'Complexity': '9', 'Dry Fragrance': '9', 'Finish': '9', 'Flavor': '9', 'Sweetness': '9.5', 'Uniformity': '9', 'Wet Aroma': '9'}",8.7,8.7,9.5,9.0,9.0,9.0,9.0,9.5,9.0,9.0
199,Kenya Othaya FCS Peaberry,"{'Body': '9', 'Brightness': '9', 'Clean Cup': '8.8', 'Complexity': '9.3', 'Dry Fragrance': '9.2', 'Finish': '9', 'Flavor': '9.3', 'Sweetness': '9', 'Uniformity': '9', 'Wet Aroma': '9.4'}",9.0,9.0,8.8,9.3,9.2,9.0,9.3,9.0,9.0,9.4
200,Kenya Thika Karatu Peaberry,"{'Body': '8.7', 'Brightness': '9.3', 'Clean Cup': '9', 'Complexity': '9.6', 'Dry Fragrance': '9.3', 'Finish': '9.3', 'Flavor': '9.5', 'Sweetness': '9', 'Uniformity': '9', 'Wet Aroma': '9.5'}",8.7,9.3,9.0,9.6,9.3,9.3,9.5,9.0,9.0,9.5
201,Kenya Thika Oreti AB,"{'Body': '8.7', 'Brightness': '9.2', 'Clean Cup': '9.2', 'Complexity': '9.4', 'Dry Fragrance': '9.2', 'Finish': '9.2', 'Flavor': '9.2', 'Sweetness': '8.8', 'Uniformity': '9', 'Wet Aroma': '9.4'}",8.7,9.2,9.2,9.4,9.2,9.2,9.2,8.8,9.0,9.4
202,Kenya Thika Oreti Peaberry,"{'Body': '8.3', 'Brightness': '9.5', 'Clean Cup': '9.3', 'Complexity': '9.7', 'Dry Fragrance': '9.5', 'Finish': '9.5', 'Flavor': '9.6', 'Sweetness': '9', 'Uniformity': '9', 'Wet Aroma': '9.6'}",8.3,9.5,9.3,9.7,9.5,9.5,9.6,9.0,9.0,9.6
203,Mexico Chiapas Las Mujeres de Concordia,"{'Body': '8.7', 'Brightness': '8.2', 'Clean Cup': '8.5', 'Complexity': '8', 'Dry Fragrance': '8.5', 'Finish': '8.4', 'Flavor': '8.5', 'Sweetness': '8.6', 'Uniformity': '8.5', 'Wet Aroma': '8.6'}",8.7,8.2,8.5,8.0,8.5,8.4,8.5,8.6,8.5,8.6
204,Mexico Chiapas Sierra Mariscal,"{'Body': '8.8', 'Brightness': '8', 'Clean Cup': '8.5', 'Complexity': '7.5', 'Dry Fragrance': '8.4', 'Finish': '8.2', 'Flavor': '8.4', 'Sweetness': '8.2', 'Uniformity': '8.5', 'Wet Aroma': '8.5'}",8.8,8.0,8.5,7.5,8.4,8.2,8.4,8.2,8.5,8.5
205,Mexico Chiapas Teopisca SWP Decaf,"{'Body': '8.7', 'Brightness': '8', 'Clean Cup': '8.5', 'Complexity': '7.2', 'Dry Fragrance': '8', 'Finish': '8.2', 'Flavor': '8.6', 'Sweetness': '8.4', 'Uniformity': '9.5', 'Wet Aroma': '8.4'}",8.7,8.0,8.5,7.2,8.0,8.2,8.6,8.4,9.5,8.4
206,Mexico Comunidad de Coatepec,"{'Body': '9', 'Brightness': '8.2', 'Clean Cup': '8.5', 'Complexity': '8', 'Dry Fragrance': '8.5', 'Finish': '8.4', 'Flavor': '8.6', 'Sweetness': '8.5', 'Uniformity': '8.5', 'Wet Aroma': '8.6'}",9.0,8.2,8.5,8.0,8.5,8.4,8.6,8.5,8.5,8.6
207,Mexico FTO Ozolotopec Pedro Martinez,"{'Body': '8.8', 'Brightness': '8.5', 'Clean Cup': '8.5', 'Complexity': '8.5', 'Dry Fragrance': '8.5', 'Finish': '8.7', 'Flavor': '8.9', 'Sweetness': '9.3', 'Uniformity': '8.5', 'Wet Aroma': '8.7'}",8.8,8.5,8.5,8.5,8.5,8.7,8.9,9.3,8.5,8.7
208,Mexico Sierra Madre de Chiapas,"{'Body': '8.7', 'Brightness': '8.3', 'Clean Cup': '8.5', 'Complexity': '7.5', 'Dry Fragrance': '8.5', 'Finish': '8.5', 'Flavor': '8.5', 'Sweetness': '8.5', 'Uniformity': '9', 'Wet Aroma': '8.6'}",8.7,8.3,8.5,7.5,8.5,8.5,8.5,8.5,9.0,8.6
209,Nicaragua Acopio Suyatal,"{'Body': '8.8', 'Brightness': '8.5', 'Clean Cup': '8.5', 'Complexity': '8.2', 'Dry Fragrance': '8.3', 'Finish': '8.3', 'Flavor': '8.5', 'Sweetness': '8.5', 'Uniformity': '8.5', 'Wet Aroma': '8.5'}",8.8,8.5,8.5,8.2,8.3,8.3,8.5,8.5,8.5,8.5
210,Nicaragua Dipilto Finca La Laguna,"{'Body': '8.9', 'Brightness': '8.3', 'Clean Cup': '8.5', 'Complexity': '8', 'Dry Fragrance': '8.3', 'Finish': '8.3', 'Flavor': '8.5', 'Sweetness': '8.4', 'Uniformity': '9', 'Wet Aroma': '8.5'}",8.9,8.3,8.5,8.0,8.3,8.3,8.5,8.4,9.0,8.5
211,Nicaragua Dry Process Buenos Aires,"{'Body': '9', 'Brightness': '8.2', 'Clean Cup': '7.7', 'Complexity': '9.2', 'Dry Fragrance': '8.3', 'Finish': '8.3', 'Flavor': '8.6', 'Sweetness': '8.6', 'Uniformity': '8.3', 'Wet Aroma': '8.6'}",9.0,8.2,7.7,9.2,8.3,8.3,8.6,8.6,8.3,8.6
212,Nicaragua Dry Process El Suyatal,"{'Body': '8.7', 'Brightness': '8.5', 'Clean Cup': '7.6', 'Complexity': '9.1', 'Dry Fragrance': '8.7', 'Finish': '8.8', 'Flavor': '8.7', 'Sweetness': '8.7', 'Uniformity': '8.3', 'Wet Aroma': '8.9'}",8.7,8.5,7.6,9.1,8.7,8.8,8.7,8.7,8.3,8.9
213,Nicaragua Finca Buenos Aires,"{'Body': '8.8', 'Brightness': '8.2', 'Clean Cup': '8.5', 'Complexity': '7.5', 'Dry Fragrance': '8.3', 'Finish': '8.3', 'Flavor': '8.4', 'Sweetness': '8.3', 'Uniformity': '8.5', 'Wet Aroma': '8.5'}",8.8,8.2,8.5,7.5,8.3,8.3,8.4,8.3,8.5,8.5
214,Nicaragua Finca Buenos Aires Lot 2,"{'Body': '9', 'Brightness': '8.3', 'Clean Cup': '8.5', 'Complexity': '8', 'Dry Fragrance': '8.3', 'Finish': '8.4', 'Flavor': '8.5', 'Sweetness': '8.5', 'Uniformity': '8.8', 'Wet Aroma': '8.5'}",9.0,8.3,8.5,8.0,8.3,8.4,8.5,8.5,8.8,8.5
215,Nicaragua Finca Los Alpes,"{'Body': '8.9', 'Brightness': '8.4', 'Clean Cup': '7.7', 'Complexity': '8', 'Dry Fragrance': '8.2', 'Finish': '8', 'Flavor': '8.5', 'Sweetness': '8.4', 'Uniformity': '9', 'Wet Aroma': '8.5'}",8.9,8.4,7.7,8.0,8.2,8.0,8.5,8.4,9.0,8.5
216,Nicaragua Honey Buenos Aires Maracaturra,"{'Body': '8.7', 'Brightness': '8.6', 'Clean Cup': '8.5', 'Complexity': '8.8', 'Dry Fragrance': '8.7', 'Finish': '8.7', 'Flavor': '8.8', 'Sweetness': '8.7', 'Uniformity': '9', 'Wet Aroma': '8.8'}",8.7,8.6,8.5,8.8,8.7,8.7,8.8,8.7,9.0,8.8
217,Nicaragua Honey Process San Salvador Java,"{'Body': '9.8', 'Brightness': '8', 'Clean Cup': '7.6', 'Complexity': '9', 'Dry Fragrance': '8.5', 'Finish': '8.2', 'Flavor': '8.6', 'Sweetness': '8.8', 'Uniformity': '8.5', 'Wet Aroma': '8.7'}",9.8,8.0,7.6,9.0,8.5,8.2,8.6,8.8,8.5,8.7
218,Nicaragua Jinotega La Bastilla Estate,"{'Body': '9', 'Brightness': '8', 'Clean Cup': '8.5', 'Complexity': '7.5', 'Dry Fragrance': '8.3', 'Finish': '8.3', 'Flavor': '8.5', 'Sweetness': '8.4', 'Uniformity': '8.5', 'Wet Aroma': '8.5'}",9.0,8.0,8.5,7.5,8.3,8.3,8.5,8.4,8.5,8.5
219,Nicaragua Los Altiplanos Java Cultivar,"{'Body': '8.5', 'Brightness': '8.5', 'Clean Cup': '8.5', 'Complexity': '8.8', 'Dry Fragrance': '8.7', 'Finish': '8.7', 'Flavor': '8.7', 'Sweetness': '8.6', 'Uniformity': '9', 'Wet Aroma': '8.8'}",8.5,8.5,8.5,8.8,8.7,8.7,8.7,8.6,9.0,8.8
220,Nicaragua Los Papales SWP Decaf,"{'Body': '8.7', 'Brightness': '8.4', 'Clean Cup': '8.5', 'Complexity': '7', 'Dry Fragrance': '8', 'Finish': '8', 'Flavor': '8.5', 'Sweetness': '8.2', 'Uniformity': '9.5', 'Wet Aroma': '8.4'}",8.7,8.4,8.5,7.0,8.0,8.0,8.5,8.2,9.5,8.4
221,Nicaragua Santa Helena Maracaturra,"{'Body': '9.3', 'Brightness': '8.6', 'Clean Cup': '8.2', 'Complexity': '8.7', 'Dry Fragrance': '8.5', 'Finish': '8.5', 'Flavor': '8.7', 'Sweetness': '9', 'Uniformity': '9', 'Wet Aroma': '8.7'}",9.3,8.6,8.2,8.7,8.5,8.5,8.7,9.0,9.0,8.7
222,Panama Boquete Camiseta Estate,"{'Body': '8.8', 'Brightness': '8.6', 'Clean Cup': '9', 'Complexity': '8', 'Dry Fragrance': '8.5', 'Finish': '8.7', 'Flavor': '8.8', 'Sweetness': '8.8', 'Uniformity': '8.5', 'Wet Aroma': '8.6'}",8.8,8.6,9.0,8.0,8.5,8.7,8.8,8.8,8.5,8.6
223,Panama Boquete La Gloria Estate,"{'Body': '8.5', 'Brightness': '8.7', 'Clean Cup': '9', 'Complexity': '8.5', 'Dry Fragrance': '8.5', 'Finish': '8.6', 'Flavor': '8.7', 'Sweetness': '8.5', 'Uniformity': '8.5', 'Wet Aroma': '8.7'}",8.5,8.7,9.0,8.5,8.5,8.6,8.7,8.5,8.5,8.7
224,Papua New Guinea Kainantu Sero,"{'Body': '8.9', 'Brightness': '8.2', 'Clean Cup': '7.8', 'Complexity': '9', 'Dry Fragrance': '8.3', 'Finish': '8.3', 'Flavor': '8.5', 'Sweetness': '8.7', 'Uniformity': '8.5', 'Wet Aroma': '8.6'}",8.9,8.2,7.8,9.0,8.3,8.3,8.5,8.7,8.5,8.6
225,Papua New Guinea Kimel AA,"{'Body': '8.9', 'Brightness': '8.4', 'Clean Cup': '8.3', 'Complexity': '8.8', 'Dry Fragrance': '8.2', 'Finish': '8.4', 'Flavor': '8.7', 'Sweetness': '8.7', 'Uniformity': '9', 'Wet Aroma': '8.6'}",8.9,8.4,8.3,8.8,8.2,8.4,8.7,8.7,9.0,8.6
226,Papua New Guinea Kimel Peaberry,"{'Body': '8', 'Brightness': '8.8', 'Clean Cup': '8.5', 'Complexity': '8.5', 'Dry Fragrance': '8.3', 'Finish': '8.5', 'Flavor': '8.7', 'Sweetness': '8.8', 'Uniformity': '9', 'Wet Aroma': '8.6'}",8.0,8.8,8.5,8.5,8.3,8.5,8.7,8.8,9.0,8.6
227,Papua New Guinea Korgua X,"{'Body': '8.6', 'Brightness': '8.7', 'Clean Cup': '8', 'Complexity': '8.8', 'Dry Fragrance': '8.5', 'Finish': '8.2', 'Flavor': '8.7', 'Sweetness': '8.6', 'Uniformity': '8.5', 'Wet Aroma': '8.6'}",8.6,8.7,8.0,8.8,8.5,8.2,8.7,8.6,8.5,8.6
228,Papua New Guinea Kuta Waghi,"{'Body': '8.6', 'Brightness': '8.4', 'Clean Cup': '8', 'Complexity': '8.9', 'Dry Fragrance': '8.2', 'Finish': '8.2', 'Flavor': '8.5', 'Sweetness': '8.4', 'Uniformity': '7.8', 'Wet Aroma': '8.5'}",8.6,8.4,8.0,8.9,8.2,8.2,8.5,8.4,7.8,8.5
229,Peru Bello Horizonte Andres Burga,"{'Body': '8.5', 'Brightness': '8.8', 'Clean Cup': '8.5', 'Complexity': '8.7', 'Dry Fragrance': '8.7', 'Finish': '8.7', 'Flavor': '9.2', 'Sweetness': '8.7', 'Uniformity': '8.5', 'Wet Aroma': '8.8'}",8.5,8.8,8.5,8.7,8.7,8.7,9.2,8.7,8.5,8.8
230,Peru El Diamante Roger Chilcon,"{'Body': '9', 'Brightness': '8.4', 'Clean Cup': '8.5', 'Complexity': '8.7', 'Dry Fragrance': '8.5', 'Finish': '8.5', 'Flavor': '8.6', 'Sweetness': '8.5', 'Uniformity': '8.6', 'Wet Aroma': '8.7'}",9.0,8.4,8.5,8.7,8.5,8.5,8.6,8.5,8.6,8.7
231,Peru El Paraiso Yoner Arevalo,"{'Body': '9.3', 'Brightness': '8.2', 'Clean Cup': '8', 'Complexity': '8.8', 'Dry Fragrance': '8.7', 'Finish': '8.5', 'Flavor': '8.6', 'Sweetness': '8.6', 'Uniformity': '8.5', 'Wet Aroma': '8.7'}",9.3,8.2,8.0,8.8,8.7,8.5,8.6,8.6,8.5,8.7
232,Peru FTO Lonya Grande Coop,"{'Body': '9', 'Brightness': '8.6', 'Clean Cup': '8.5', 'Complexity': '8.2', 'Dry Fragrance': '8.5', 'Finish': '8.5', 'Flavor': '8.7', 'Sweetness': '8.5', 'Uniformity': '8.5', 'Wet Aroma': '8.6'}",9.0,8.6,8.5,8.2,8.5,8.5,8.7,8.5,8.5,8.6
233,Peru FTO San Jose De Lourdes,"{'Body': '8.3', 'Brightness': '8.6', 'Clean Cup': '8.8', 'Complexity': '8.5', 'Dry Fragrance': '8.5', 'Finish': '8.6', 'Flavor': '8.7', 'Sweetness': '8.6', 'Uniformity': '8.8', 'Wet Aroma': '8.6'}",8.3,8.6,8.8,8.5,8.5,8.6,8.7,8.6,8.8,8.6
234,Peru Las Pirias Ramiro Vela,"{'Body': '8.6', 'Brightness': '8.5', 'Clean Cup': '8.3', 'Complexity': '8.7', 'Dry Fragrance': '8.6', 'Finish': '8.7', 'Flavor': '8.9', 'Sweetness': '9', 'Uniformity': '8.5', 'Wet Aroma': '8.8'}",8.6,8.5,8.3,8.7,8.6,8.7,8.9,9.0,8.5,8.8
235,Peru Organic Comité San Ignacio,"{'Body': '9', 'Brightness': '8.6', 'Clean Cup': '8.5', 'Complexity': '8.7', 'Dry Fragrance': '8.5', 'Finish': '8.5', 'Flavor': '8.7', 'Sweetness': '8.7', 'Uniformity': '8.5', 'Wet Aroma': '8.7'}",9.0,8.6,8.5,8.7,8.5,8.5,8.7,8.7,8.5,8.7
236,Peru Organic El Palto SWP Decaf,"{'Body': '9.5', 'Brightness': '7', 'Clean Cup': '8', 'Complexity': '8', 'Dry Fragrance': '7.5', 'Finish': '7.7', 'Flavor': '8', 'Sweetness': '7.4', 'Uniformity': '9', 'Wet Aroma': '8.3'}",9.5,7.0,8.0,8.0,7.5,7.7,8.0,7.4,9.0,8.3
237,Peru Organic Laderas de Cajamarca,"{'Body': '9.2', 'Brightness': '8.2', 'Clean Cup': '8.3', 'Complexity': '7.3', 'Dry Fragrance': '8.1', 'Finish': '8.2', 'Flavor': '8.3', 'Sweetness': '8.4', 'Uniformity': '8.5', 'Wet Aroma': '8.5'}",9.2,8.2,8.3,7.3,8.1,8.2,8.3,8.4,8.5,8.5
238,Peru San Ignacio SWP Decaf,"{'Body': '8.8', 'Brightness': '8.4', 'Clean Cup': '8.1', 'Complexity': '7.5', 'Dry Fragrance': '8.3', 'Finish': '8', 'Flavor': '8.7', 'Sweetness': '8.3', 'Uniformity': '9.5', 'Wet Aroma': '8.5'}",8.8,8.4,8.1,7.5,8.3,8.0,8.7,8.3,9.5,8.5
239,Rwanda Dry Process Kanyege,"{'Body': '9.3', 'Brightness': '8.5', 'Clean Cup': '8', 'Complexity': '9.3', 'Dry Fragrance': '8.8', 'Finish': '8.6', 'Flavor': '9', 'Sweetness': '8.8', 'Uniformity': '8', 'Wet Aroma': '8.9'}",9.3,8.5,8.0,9.3,8.8,8.6,9.0,8.8,8.0,8.9
240,Rwanda Dry Process Macuba,"{'Body': '9', 'Brightness': '8.5', 'Clean Cup': '8.3', 'Complexity': '9.2', 'Dry Fragrance': '8.8', 'Finish': '8.7', 'Flavor': '9', 'Sweetness': '9', 'Uniformity': '8', 'Wet Aroma': '9'}",9.0,8.5,8.3,9.2,8.8,8.7,9.0,9.0,8.0,9.0
241,Rwanda Dry Process Nyamiyaga,"{'Body': '9.4', 'Brightness': '8.7', 'Clean Cup': '8.2', 'Complexity': '9.4', 'Dry Fragrance': '8.7', 'Finish': '8.7', 'Flavor': '8.8', 'Sweetness': '8.8', 'Uniformity': '8', 'Wet Aroma': '8.9'}",9.4,8.7,8.2,9.4,8.7,8.7,8.8,8.8,8.0,8.9
242,Rwanda Honey Process Kanyege,"{'Body': '9.3', 'Brightness': '8.7', 'Clean Cup': '9', 'Complexity': '8.8', 'Dry Fragrance': '8.5', 'Finish': '8.5', 'Flavor': '8.8', 'Sweetness': '9', 'Uniformity': '8', 'Wet Aroma': '8.7'}",9.3,8.7,9.0,8.8,8.5,8.5,8.8,9.0,8.0,8.7
243,Rwanda Honey Process Karambi,"{'Body': '9.2', 'Brightness': '8.5', 'Clean Cup': '8.3', 'Complexity': '9', 'Dry Fragrance': '8.7', 'Finish': '8.7', 'Flavor': '9', 'Sweetness': '9', 'Uniformity': '8', 'Wet Aroma': '8.9'}",9.2,8.5,8.3,9.0,8.7,8.7,9.0,9.0,8.0,8.9
244,Rwanda Kivu Kageyo,"{'Body': '9.2', 'Brightness': '8.6', 'Clean Cup': '8.7', 'Complexity': '8.7', 'Dry Fragrance': '8.6', 'Finish': '8.6', 'Flavor': '8.8', 'Sweetness': '8.8', 'Uniformity': '8', 'Wet Aroma': '9'}",9.2,8.6,8.7,8.7,8.6,8.6,8.8,8.8,8.0,9.0
245,Rwanda Milles Collines Peaberry,"{'Body': '8.7', 'Brightness': '8.6', 'Clean Cup': '9', 'Complexity': '9', 'Dry Fragrance': '8.8', 'Finish': '8.7', 'Flavor': '8.9', 'Sweetness': '8.7', 'Uniformity': '8', 'Wet Aroma': '8.9'}",8.7,8.6,9.0,9.0,8.8,8.7,8.9,8.7,8.0,8.9
246,Rwanda Ngororero,"{'Body': '8.8', 'Brightness': '8.8', 'Clean Cup': '9', 'Complexity': '9.2', 'Dry Fragrance': '9', 'Finish': '9.1', 'Flavor': '9.2', 'Sweetness': '9', 'Uniformity': '8.3', 'Wet Aroma': '9.1'}",8.8,8.8,9.0,9.2,9.0,9.1,9.2,9.0,8.3,9.1
247,Rwanda Nyamasheke Gatare,"{'Body': '8.7', 'Brightness': '8.9', 'Clean Cup': '9', 'Complexity': '9', 'Dry Fragrance': '9.1', 'Finish': '9', 'Flavor': '9.2', 'Sweetness': '9', 'Uniformity': '8', 'Wet Aroma': '9.2'}",8.7,8.9,9.0,9.0,9.1,9.0,9.2,9.0,8.0,9.2
248,Rwanda Nyamasheke Gitwe,"{'Body': '8.5', 'Brightness': '9', 'Clean Cup': '9.3', 'Complexity': '9', 'Dry Fragrance': '8.8', 'Finish': '9', 'Flavor': '9', 'Sweetness': '8.9', 'Uniformity': '8', 'Wet Aroma': '9'}",8.5,9.0,9.3,9.0,8.8,9.0,9.0,8.9,8.0,9.0
249,Rwanda Nyamasheke Macuba,"{'Body': '8.8', 'Brightness': '8.7', 'Clean Cup': '8.5', 'Complexity': '9.1', 'Dry Fragrance': '8.8', 'Finish': '8.7', 'Flavor': '9', 'Sweetness': '9.5', 'Uniformity': '8', 'Wet Aroma': '9'}",8.8,8.7,8.5,9.1,8.8,8.7,9.0,9.5,8.0,9.0
250,Rwanda Nyamasheke Mutovu,"{'Body': '8.7', 'Brightness': '8.9', 'Clean Cup': '9', 'Complexity': '9', 'Dry Fragrance': '8.9', 'Finish': '9', 'Flavor': '9.2', 'Sweetness': '8.9', 'Uniformity': '8.5', 'Wet Aroma': '9.2'}",8.7,8.9,9.0,9.0,8.9,9.0,9.2,8.9,8.5,9.2
251,Rwanda Nyamasheke Nyakabingo,"{'Body': '8.7', 'Brightness': '8.8', 'Clean Cup': '9', 'Complexity': '9.2', 'Dry Fragrance': '8.8', 'Finish': '8.9', 'Flavor': '9', 'Sweetness': '9', 'Uniformity': '8', 'Wet Aroma': '9.2'}",8.7,8.8,9.0,9.2,8.8,8.9,9.0,9.0,8.0,9.2
252,Rwanda Rubavu Rwinyoni,"{'Body': '9', 'Brightness': '8.7', 'Clean Cup': '8.2', 'Complexity': '8.9', 'Dry Fragrance': '9', 'Finish': '9', 'Flavor': '8.8', 'Sweetness': '9.3', 'Uniformity': '8', 'Wet Aroma': '9.1'}",9.0,8.7,8.2,8.9,9.0,9.0,8.8,9.3,8.0,9.1
253,Rwanda Rulindo Tumba,"{'Body': '8.8', 'Brightness': '9', 'Clean Cup': '8.5', 'Complexity': '9.2', 'Dry Fragrance': '9', 'Finish': '9.3', 'Flavor': '9.3', 'Sweetness': '9', 'Uniformity': '8.2', 'Wet Aroma': '9.1'}",8.8,9.0,8.5,9.2,9.0,9.3,9.3,9.0,8.2,9.1
254,Rwanda Rusizi Gaseke,"{'Body': '9.2', 'Brightness': '8.6', 'Clean Cup': '8.5', 'Complexity': '8.9', 'Dry Fragrance': '8.7', 'Finish': '8.7', 'Flavor': '8.8', 'Sweetness': '9.2', 'Uniformity': '8', 'Wet Aroma': '8.9'}",9.2,8.6,8.5,8.9,8.7,8.7,8.8,9.2,8.0,8.9
255,Sulawesi Dry Process Topidi Daeng,"{'Body': '9.3', 'Brightness': '8.7', 'Clean Cup': '7.8', 'Complexity': '9.5', 'Dry Fragrance': '8.8', 'Finish': '8.7', 'Flavor': '9.2', 'Sweetness': '8.8', 'Uniformity': '8.2', 'Wet Aroma': '9'}",9.3,8.7,7.8,9.5,8.8,8.7,9.2,8.8,8.2,9.0
256,Sulawesi Gowa Desa Topidi,"{'Body': '9', 'Brightness': '8.7', 'Clean Cup': '8.3', 'Complexity': '9', 'Dry Fragrance': '8.6', 'Finish': '8.8', 'Flavor': '8.9', 'Sweetness': '8.9', 'Uniformity': '8.5', 'Wet Aroma': '8.8'}",9.0,8.7,8.3,9.0,8.6,8.8,8.9,8.9,8.5,8.8
257,Sulawesi Honey Process Gowa,"{'Body': '9', 'Brightness': '8.7', 'Clean Cup': '8.5', 'Complexity': '8.8', 'Dry Fragrance': '8.8', 'Finish': '8.8', 'Flavor': '9', 'Sweetness': '8.8', 'Uniformity': '8.5', 'Wet Aroma': '8.9'}",9.0,8.7,8.5,8.8,8.8,8.8,9.0,8.8,8.5,8.9
258,Sulawesi Wet Hulled Enrekang Rodo Rodo,"{'Body': '9.3', 'Brightness': '7.8', 'Clean Cup': '7.5', 'Complexity': '9.2', 'Dry Fragrance': '8.2', 'Finish': '7.5', 'Flavor': '8.6', 'Sweetness': '8.7', 'Uniformity': '8', 'Wet Aroma': '8.5'}",9.3,7.8,7.5,9.2,8.2,7.5,8.6,8.7,8.0,8.5
259,Sulawesi Wet Hulled Latimojong,"{'Body': '9', 'Brightness': '7.5', 'Clean Cup': '7.2', 'Complexity': '9.5', 'Dry Fragrance': '8.2', 'Finish': '8.2', 'Flavor': '8.5', 'Sweetness': '8.3', 'Uniformity': '8', 'Wet Aroma': '8.5'}",9.0,7.5,7.2,9.5,8.2,8.2,8.5,8.3,8.0,8.5
260,Sumatra Aceh Bebesen Aulia,"{'Body': '9', 'Brightness': '8.3', 'Clean Cup': '8.3', 'Complexity': '9.3', 'Dry Fragrance': '8.3', 'Finish': '8.5', 'Flavor': '8.8', 'Sweetness': '8.7', 'Uniformity': '8.2', 'Wet Aroma': '8.6'}",9.0,8.3,8.3,9.3,8.3,8.5,8.8,8.7,8.2,8.6
261,Sumatra Dry Process Gunung Tujuh,"{'Body': '9', 'Brightness': '8.2', 'Clean Cup': '7.5', 'Complexity': '9.7', 'Dry Fragrance': '8.8', 'Finish': '8.7', 'Flavor': '9.1', 'Sweetness': '9', 'Uniformity': '8.2', 'Wet Aroma': '9.2'}",9.0,8.2,7.5,9.7,8.8,8.7,9.1,9.0,8.2,9.2
262,Sumatra Dry Process Kerinci Pendekar,"{'Body': '9.3', 'Brightness': '7.7', 'Clean Cup': '7.3', 'Complexity': '9.3', 'Dry Fragrance': '8.7', 'Finish': '7.7', 'Flavor': '9', 'Sweetness': '8.7', 'Uniformity': '8', 'Wet Aroma': '8.8'}",9.3,7.7,7.3,9.3,8.7,7.7,9.0,8.7,8.0,8.8
263,Sumatra Dry Process Ribang Gayo,"{'Body': '9.2', 'Brightness': '7.7', 'Clean Cup': '7.5', 'Complexity': '9.3', 'Dry Fragrance': '8.3', 'Finish': '7.8', 'Flavor': '8.6', 'Sweetness': '8.8', 'Uniformity': '8.2', 'Wet Aroma': '8.7'}",9.2,7.7,7.5,9.3,8.3,7.8,8.6,8.8,8.2,8.7
264,Sumatra Honey Process Bebesen Aulia,"{'Body': '9.2', 'Brightness': '8.3', 'Clean Cup': '8', 'Complexity': '9', 'Dry Fragrance': '8.6', 'Finish': '8.5', 'Flavor': '8.8', 'Sweetness': '8.7', 'Uniformity': '8.2', 'Wet Aroma': '8.7'}",9.2,8.3,8.0,9.0,8.6,8.5,8.8,8.7,8.2,8.7
265,Sumatra Honey Process Kerinci,"{'Body': '9', 'Brightness': '8.5', 'Clean Cup': '8.5', 'Complexity': '8.9', 'Dry Fragrance': '8.7', 'Finish': '8.6', 'Flavor': '8.8', 'Sweetness': '8.8', 'Uniformity': '8.2', 'Wet Aroma': '8.8'}",9.0,8.5,8.5,8.9,8.7,8.6,8.8,8.8,8.2,8.8
266,Sumatra Kerinci Pendekar Coop,"{'Body': '9.3', 'Brightness': '8.2', 'Clean Cup': '7.5', 'Complexity': '9.3', 'Dry Fragrance': '8.3', 'Finish': '8', 'Flavor': '8.7', 'Sweetness': '8.5', 'Uniformity': '8', 'Wet Aroma': '8.7'}",9.3,8.2,7.5,9.3,8.3,8.0,8.7,8.5,8.0,8.7
267,Sumatra Kerinci Tujuh Cooperative,"{'Body': '9', 'Brightness': '8', 'Clean Cup': '8.2', 'Complexity': '9', 'Dry Fragrance': '8.5', 'Finish': '8', 'Flavor': '8.8', 'Sweetness': '8.8', 'Uniformity': '7.8', 'Wet Aroma': '8.7'}",9.0,8.0,8.2,9.0,8.5,8.0,8.8,8.8,7.8,8.7
268,Sumatra Lintong Mutu Batak,"{'Body': '9.5', 'Brightness': '7.5', 'Clean Cup': '7', 'Complexity': '9.5', 'Dry Fragrance': '7.8', 'Finish': '7.5', 'Flavor': '8.5', 'Sweetness': '8.4', 'Uniformity': '8', 'Wet Aroma': '8.3'}",9.5,7.5,7.0,9.5,7.8,7.5,8.5,8.4,8.0,8.3
269,Sumatra Lintong Pak Joner,"{'Body': '9.3', 'Brightness': '8.2', 'Clean Cup': '7', 'Complexity': '9.5', 'Dry Fragrance': '8', 'Finish': '8', 'Flavor': '8.7', 'Sweetness': '8.5', 'Uniformity': '7.8', 'Wet Aroma': '8.5'}",9.3,8.2,7.0,9.5,8.0,8.0,8.7,8.5,7.8,8.5
270,Sumatra Lintong Sigumpar Village,"{'Body': '9.5', 'Brightness': '8.2', 'Clean Cup': '7.5', 'Complexity': '9.7', 'Dry Fragrance': '8.5', 'Finish': '8.5', 'Flavor': '8.8', 'Sweetness': '8.8', 'Uniformity': '8.3', 'Wet Aroma': '8.7'}",9.5,8.2,7.5,9.7,8.5,8.5,8.8,8.8,8.3,8.7
271,Sumatra Raja Batak Peaberry,"{'Body': '9.5', 'Brightness': '8.1', 'Clean Cup': '7', 'Complexity': '9.5', 'Dry Fragrance': '8', 'Finish': '7.7', 'Flavor': '8.5', 'Sweetness': '8.5', 'Uniformity': '8', 'Wet Aroma': '8.3'}",9.5,8.1,7.0,9.5,8.0,7.7,8.5,8.5,8.0,8.3
272,Sumatra Ribang Gayo,"{'Body': '9.5', 'Brightness': '8', 'Clean Cup': '8.2', 'Complexity': '9.6', 'Dry Fragrance': '8.7', 'Finish': '8.7', 'Flavor': '9', 'Sweetness': '9', 'Uniformity': '8', 'Wet Aroma': '8.8'}",9.5,8.0,8.2,9.6,8.7,8.7,9.0,9.0,8.0,8.8
273,Sumatra Wet Process Barokah Bersama Coop,"{'Body': '8.8', 'Brightness': '8.5', 'Clean Cup': '8.4', 'Complexity': '8.8', 'Dry Fragrance': '8.7', 'Finish': '8.5', 'Flavor': '8.8', 'Sweetness': '8.6', 'Uniformity': '8.7', 'Wet Aroma': '8.7'}",8.8,8.5,8.4,8.8,8.7,8.5,8.8,8.6,8.7,8.7
274,Sumatra Wet Process Ribang Gayo,"{'Body': '8.7', 'Brightness': '8.4', 'Clean Cup': '8.2', 'Complexity': '8.4', 'Dry Fragrance': '8.4', 'Finish': '8.3', 'Flavor': '8.6', 'Sweetness': '8.4', 'Uniformity': '8.5', 'Wet Aroma': '8.6'}",8.7,8.4,8.2,8.4,8.4,8.3,8.6,8.4,8.5,8.6
275,Sweet Maria's Ethiopiques Version 2.0,"{'Body': '9.8', 'Brightness': '8.5', 'Clean Cup': '8.5', 'Complexity': '9.3', 'Dry Fragrance': '8.5', 'Finish': '8.7', 'Flavor': '9.2', 'Sweetness': '8.8', 'Uniformity': '8.2', 'Wet Aroma': '8.5'}",9.8,8.5,8.5,9.3,8.5,8.7,9.2,8.8,8.2,8.5
276,Sweet Maria's Half-Caff Blend,"{'Body': '8', 'Brightness': '7.5', 'Clean Cup': '7.5', 'Complexity': '7.8', 'Dry Fragrance': '7.5', 'Finish': '7.5', 'Flavor': '8.2', 'Sweetness': '7.8', 'Uniformity': '9', 'Wet Aroma': '8.2'}",8.0,7.5,7.5,7.8,7.5,7.5,8.2,7.8,9.0,8.2
277,Sweet Maria's Moka Java SWP Decaf Blend,"{'Body': '8.8', 'Brightness': '8.2', 'Clean Cup': '7.5', 'Complexity': '8.8', 'Dry Fragrance': '7.8', 'Finish': '7.7', 'Flavor': '8.5', 'Sweetness': '8.2', 'Uniformity': '9.5', 'Wet Aroma': '8.5'}",8.8,8.2,7.5,8.8,7.8,7.7,8.5,8.2,9.5,8.5
278,Sweet Maria's Moka Kadir Blend,"{'Body': '9.8', 'Brightness': '7.5', 'Clean Cup': '7.3', 'Complexity': '9.5', 'Dry Fragrance': '8.2', 'Finish': '7.8', 'Flavor': '8.8', 'Sweetness': '8.6', 'Uniformity': '8', 'Wet Aroma': '8.7'}",9.8,7.5,7.3,9.5,8.2,7.8,8.8,8.6,8.0,8.7
279,Sweet Maria's Polar Expresso Holiday Blend,"{'Body': '9.8', 'Brightness': '8.8', 'Clean Cup': '9', 'Complexity': '9.2', 'Dry Fragrance': '8.6', 'Finish': '9', 'Flavor': '9.3', 'Sweetness': '8.6', 'Uniformity': '8.5', 'Wet Aroma': '8.8'}",9.8,8.8,9.0,9.2,8.6,9.0,9.3,8.6,8.5,8.8
280,Tanzania Mbamba Namku AA,"{'Body': '8.7', 'Brightness': '8.7', 'Clean Cup': '8.2', 'Complexity': '9', 'Dry Fragrance': '8.7', 'Finish': '8.7', 'Flavor': '8.8', 'Sweetness': '9', 'Uniformity': '8.5', 'Wet Aroma': '8.8'}",8.7,8.7,8.2,9.0,8.7,8.7,8.8,9.0,8.5,8.8
281,Tanzania Mbinga Peaberry,"{'Body': '8.5', 'Brightness': '8.6', 'Clean Cup': '7.7', 'Complexity': '8.7', 'Dry Fragrance': '8.3', 'Finish': '8.2', 'Flavor': '8.5', 'Sweetness': '8.7', 'Uniformity': '8.3', 'Wet Aroma': '8.5'}",8.5,8.6,7.7,8.7,8.3,8.2,8.5,8.7,8.3,8.5
282,Tanzania Sepukila Cooperative AB,"{'Body': '8.5', 'Brightness': '8.8', 'Clean Cup': '8.2', 'Complexity': '9', 'Dry Fragrance': '8.7', 'Finish': '8.7', 'Flavor': '8.8', 'Sweetness': '8.7', 'Uniformity': '8.5', 'Wet Aroma': '8.9'}",8.5,8.8,8.2,9.0,8.7,8.7,8.8,8.7,8.5,8.9
283,Timor Leste Dry Process Daurfusu,"{'Body': '9.8', 'Brightness': '7.5', 'Clean Cup': '7.5', 'Complexity': '9.5', 'Dry Fragrance': '8.6', 'Finish': '7.5', 'Flavor': '8.8', 'Sweetness': '9', 'Uniformity': '8', 'Wet Aroma': '8.8'}",9.8,7.5,7.5,9.5,8.6,7.5,8.8,9.0,8.0,8.8
284,Timor Leste Dry Process Lulirema,"{'Body': '9.3', 'Brightness': '8.5', 'Clean Cup': '7.8', 'Complexity': '9.2', 'Dry Fragrance': '8.5', 'Finish': '7.8', 'Flavor': '8.7', 'Sweetness': '8.6', 'Uniformity': '8', 'Wet Aroma': '8.6'}",9.3,8.5,7.8,9.2,8.5,7.8,8.7,8.6,8.0,8.6
285,Timor Leste Dukurai Daurfusu,"{'Body': '8.3', 'Brightness': '8.3', 'Clean Cup': '8.5', 'Complexity': '8', 'Dry Fragrance': '8.4', 'Finish': '8.4', 'Flavor': '8.5', 'Sweetness': '8.5', 'Uniformity': '8.5', 'Wet Aroma': '8.6'}",8.3,8.3,8.5,8.0,8.4,8.4,8.5,8.5,8.5,8.6
286,Timor Leste Ermera Fatu Besi,"{'Body': '8.7', 'Brightness': '7.5', 'Clean Cup': '8.4', 'Complexity': '7.8', 'Dry Fragrance': '8.2', 'Finish': '8.3', 'Flavor': '8.4', 'Sweetness': '8.3', 'Uniformity': '9', 'Wet Aroma': '8.4'}",8.7,7.5,8.4,7.8,8.2,8.3,8.4,8.3,9.0,8.4
287,Timor Leste Lekisala,"{'Body': '8.6', 'Brightness': '8.5', 'Clean Cup': '8.5', 'Complexity': '8', 'Dry Fragrance': '8.3', 'Finish': '8.3', 'Flavor': '8.5', 'Sweetness': '8.2', 'Uniformity': '8.5', 'Wet Aroma': '8.5'}",8.6,8.5,8.5,8.0,8.3,8.3,8.5,8.2,8.5,8.5
288,Timor Leste Taurema,"{'Body': '8.5', 'Brightness': '8.3', 'Clean Cup': '8.2', 'Complexity': '8.4', 'Dry Fragrance': '8.2', 'Finish': '8.2', 'Flavor': '8.4', 'Sweetness': '8.2', 'Uniformity': '8.5', 'Wet Aroma': '8.4'}",8.5,8.3,8.2,8.4,8.2,8.2,8.4,8.2,8.5,8.4
289,Timor Leste Wet Hulled Railaco,"{'Body': '9.5', 'Brightness': '7.2', 'Clean Cup': '7', 'Complexity': '9.3', 'Dry Fragrance': '7.8', 'Finish': '7.6', 'Flavor': '8.3', 'Sweetness': '8', 'Uniformity': '8', 'Wet Aroma': '8.2'}",9.5,7.2,7.0,9.3,7.8,7.6,8.3,8.0,8.0,8.2
290,Timorindo SWP Decaf Blend,"{'Body': '8.5', 'Brightness': '8.3', 'Clean Cup': '8', 'Complexity': '8.7', 'Dry Fragrance': '7.5', 'Finish': '7.8', 'Flavor': '8.5', 'Sweetness': '8.2', 'Uniformity': '10', 'Wet Aroma': '8.3'}",8.5,8.3,8.0,8.7,7.5,7.8,8.5,8.2,10.0,8.3
291,Yemen Al Qafr Hawari,"{'Body': '9.5', 'Brightness': '8', 'Clean Cup': '7.5', 'Complexity': '9.3', 'Dry Fragrance': '7.8', 'Finish': '7.7', 'Flavor': '8.6', 'Sweetness': '8.4', 'Uniformity': '8', 'Wet Aroma': '8.5'}",9.5,8.0,7.5,9.3,7.8,7.7,8.6,8.4,8.0,8.5
292,Yemen Al-Qafr Hawari,"{'Body': '9.3', 'Brightness': '7.2', 'Clean Cup': '7', 'Complexity': '9.3', 'Dry Fragrance': '7.8', 'Finish': '8', 'Flavor': '8.5', 'Sweetness': '8.3', 'Uniformity': '7.5', 'Wet Aroma': '8.4'}",9.3,7.2,7.0,9.3,7.8,8.0,8.5,8.3,7.5,8.4
293,Yemen Bani Haraz,"{'Body': '9.7', 'Brightness': '7.7', 'Clean Cup': '7.2', 'Complexity': '9.5', 'Dry Fragrance': '7.6', 'Finish': '7.8', 'Flavor': '8.7', 'Sweetness': '8.5', 'Uniformity': '8', 'Wet Aroma': '8.6'}",9.7,7.7,7.2,9.5,7.6,7.8,8.7,8.5,8.0,8.6
294,Yemen Khulani Amer,"{'Body': '10', 'Brightness': '7.5', 'Clean Cup': '7', 'Complexity': '9.8', 'Dry Fragrance': '7.5', 'Finish': '8', 'Flavor': '8.8', 'Sweetness': '8.4', 'Uniformity': '7.5', 'Wet Aroma': '8.5'}",10.0,7.5,7.0,9.8,7.5,8.0,8.8,8.4,7.5,8.5
295,Yemen Mokha Hajjah,"{'Body': '9.5', 'Brightness': '7.4', 'Clean Cup': '7.2', 'Complexity': '9', 'Dry Fragrance': '7.7', 'Finish': '7.5', 'Flavor': '8.6', 'Sweetness': '8.2', 'Uniformity': '8', 'Wet Aroma': '8.3'}",9.5,7.4,7.2,9.0,7.7,7.5,8.6,8.2,8.0,8.3
296,Yemen Mokha Matari,"{'Body': '9.5', 'Brightness': '8.2', 'Clean Cup': '7', 'Complexity': '9.6', 'Dry Fragrance': '8.5', 'Finish': '8.2', 'Flavor': '8.8', 'Sweetness': '8.5', 'Uniformity': '8', 'Wet Aroma': '8.7'}",9.5,8.2,7.0,9.6,8.5,8.2,8.8,8.5,8.0,8.7
297,Yemen Sana'a-Ibb Highlands,"{'Body': '9', 'Brightness': '7', 'Clean Cup': '7', 'Complexity': '9.2', 'Dry Fragrance': '8', 'Finish': '8.3', 'Flavor': '8.4', 'Sweetness': '8.3', 'Uniformity': '7.8', 'Wet Aroma': '8.4'}",9.0,7.0,7.0,9.2,8.0,8.3,8.4,8.3,7.8,8.4
298,Zambia Dry Process Kateshi Estate,"{'Body': '9', 'Brightness': '8.5', 'Clean Cup': '7.8', 'Complexity': '9.3', 'Dry Fragrance': '8.4', 'Finish': '8.2', 'Flavor': '8.8', 'Sweetness': '8.5', 'Uniformity': '8', 'Wet Aroma': '8.6'}",9.0,8.5,7.8,9.3,8.4,8.2,8.8,8.5,8.0,8.6
299,Zambia Mafinga Peaberry,"{'Body': '8.7', 'Brightness': '8.4', 'Clean Cup': '8.3', 'Complexity': '8.2', 'Dry Fragrance': '8.5', 'Finish': '8.4', 'Flavor': '8.6', 'Sweetness': '8.5', 'Uniformity': '8.5', 'Wet Aroma': '8.5'}",8.7,8.4,8.3,8.2,8.5,8.4,8.6,8.5,8.5,8.5
300,Zambia Yeast Fermentation Mafinga,"{'Body': '8.3', 'Brightness': '8.5', 'Clean Cup': '7.5', 'Complexity': '9.3', 'Dry Fragrance': '8.6', 'Finish': '7.7', 'Flavor': '8.6', 'Sweetness': '8.6', 'Uniformity': '8', 'Wet Aroma': '8.6'}",8.3,8.5,7.5,9.3,8.6,7.7,8.6,8.6,8.0,8.6
